-- phpMyAdmin SQL Dump
-- version 5.1.0
-- https://www.phpmyadmin.net/
--
-- Host: 127.0.0.1
-- Generation Time: Apr 14, 2021 at 06:24 AM
-- Server version: 10.4.18-MariaDB
-- PHP Version: 8.0.3

SET SQL_MODE = "NO_AUTO_VALUE_ON_ZERO";
START TRANSACTION;
SET time_zone = "+00:00";


/*!40101 SET @OLD_CHARACTER_SET_CLIENT=@@CHARACTER_SET_CLIENT */;
/*!40101 SET @OLD_CHARACTER_SET_RESULTS=@@CHARACTER_SET_RESULTS */;
/*!40101 SET @OLD_COLLATION_CONNECTION=@@COLLATION_CONNECTION */;
/*!40101 SET NAMES utf8mb4 */;

--
-- Database: `quanlysach`
--

-- --------------------------------------------------------

--
-- Table structure for table `cthoadon`
--

CREATE TABLE `cthoadon` (
  `IdHoaDON` int(11) NOT NULL,
  `IdSach` int(11) NOT NULL,
  `SLBan` int(5) NOT NULL,
  `DonGia` decimal(10,2) NOT NULL,
  `ThanhTien` decimal(10,2) NOT NULL,
  `GhiChu` text COLLATE utf8_unicode_ci NOT NULL,
  `IdCTKM` int(11) NOT NULL
) ENGINE=InnoDB DEFAULT CHARSET=utf8 COLLATE=utf8_unicode_ci;

-- --------------------------------------------------------

--
-- Table structure for table `ctkm`
--

CREATE TABLE `ctkm` (
  `IdCTKM` int(11) NOT NULL,
  `IdSach` int(11) NOT NULL,
  `PhanTramKM` int(11) NOT NULL
) ENGINE=InnoDB DEFAULT CHARSET=utf8 COLLATE=utf8_unicode_ci;

-- --------------------------------------------------------

--
-- Table structure for table `hoadon`
--

CREATE TABLE `hoadon` (
  `IdHoaDon` int(11) NOT NULL,
  `NgayMua` date NOT NULL,
  `TongTien` decimal(10,2) NOT NULL,
  `IdKH` int(11) NOT NULL
) ENGINE=InnoDB DEFAULT CHARSET=utf8 COLLATE=utf8_unicode_ci;

-- --------------------------------------------------------

--
-- Table structure for table `khachhang`
--

CREATE TABLE `khachhang` (
  `IdKH` int(11) NOT NULL,
  `TenKH` varchar(6) COLLATE utf8_unicode_ci NOT NULL,
  `Ho_Dem_KH` varchar(20) COLLATE utf8_unicode_ci NOT NULL,
  `SDT` int(10) NOT NULL,
  `Mail` varchar(50) COLLATE utf8_unicode_ci NOT NULL,
  `DiaChi` text COLLATE utf8_unicode_ci NOT NULL
) ENGINE=InnoDB DEFAULT CHARSET=utf8 COLLATE=utf8_unicode_ci;

-- --------------------------------------------------------

--
-- Table structure for table `kho`
--

CREATE TABLE `kho` (
  `IdSach` int(5) NOT NULL,
  `TongSoLuong` int(11) NOT NULL,
  `TonKho` int(11) NOT NULL
) ENGINE=InnoDB DEFAULT CHARSET=utf8 COLLATE=utf8_unicode_ci;

-- --------------------------------------------------------

--
-- Table structure for table `khuyenmai`
--

CREATE TABLE `khuyenmai` (
  `IdCTKM` int(11) NOT NULL,
  `TenCTKM` varchar(255) COLLATE utf8_unicode_ci NOT NULL,
  `NgayBD` date NOT NULL,
  `NgayKT` date NOT NULL
) ENGINE=InnoDB DEFAULT CHARSET=utf8 COLLATE=utf8_unicode_ci;

-- --------------------------------------------------------

--
-- Table structure for table `menu`
--

CREATE TABLE `menu` (
  `IdMenu` int(5) NOT NULL,
  `TenMenu` varchar(30) COLLATE utf8_unicode_ci NOT NULL
) ENGINE=InnoDB DEFAULT CHARSET=utf8 COLLATE=utf8_unicode_ci;

--
-- Dumping data for table `menu`
--

INSERT INTO `menu` (`IdMenu`, `TenMenu`) VALUES
(1011, 'Menu Item 1'),
(1012, 'Menu Item 2'),
(1013, 'Menu Item 3'),
(2011, 'Menu Item 1'),
(2012, 'Menu Item 2'),
(2013, 'Menu Item 3'),
(2014, 'Menu Item 4'),
(2015, 'Menu Item 5'),
(2016, 'Menu Item 6'),
(2017, 'Menu Item 7'),
(2018, 'Menu Item 8'),
(2019, 'Menu Item 9'),
(2020, 'Menu Item 10'),
(2021, 'Menu Item 11');

-- --------------------------------------------------------

--
-- Table structure for table `nxb`
--

CREATE TABLE `nxb` (
  `IdNXB` int(5) NOT NULL,
  `TenNXB` varchar(255) COLLATE utf8_unicode_ci NOT NULL
) ENGINE=InnoDB DEFAULT CHARSET=utf8 COLLATE=utf8_unicode_ci;

--
-- Dumping data for table `nxb`
--

INSERT INTO `nxb` (`IdNXB`, `TenNXB`) VALUES
(1, 'William Collins'),
(2, 'Flatiron Books'),
(3, 'HarperCollins'),
(4, 'William Morrow'),
(5, 'The Borough Press'),
(6, 'Harper Perennial'),
(7, 'Pan MacMillan'),
(8, 'Avon'),
(9, 'Puffin Books'),
(10, 'Viz Media'),
(11, 'DK CHILDREN'),
(12, 'Lonely Planet Global Limited'),
(13, 'Michael O\'Mara Books Ltd'),
(14, 'Alpha'),
(15, 'NXB Thanh Niên'),
(16, 'NXB Bách Khoa Hà Nội'),
(17, 'NXB Dân Trí'),
(18, 'NXB Đồng Nai'),
(19, 'NXB ĐH Quốc Gia Hà Nội'),
(20, 'NXB ĐH Sư Phạm TP. HCM'),
(21, 'NXB Lao Động'),
(22, 'NXB Thế Giới'),
(23, 'NXB Hồng Đức'),
(24, 'NXB Phương Đông'),
(25, 'NXB Văn Hóa - Văn Nghệ'),
(26, 'NXB Tài Chính'),
(27, 'NXB Công Thương'),
(28, 'NXB Trí Thức'),
(29, 'NXB Trẻ'),
(30, 'NXB Văn Học'),
(31, 'NXB Tổng Hợp Thành Phố Hồ Chí Minh'),
(32, 'NXB Hội Nhà Văn'),
(33, 'NXB Phụ Nữ'),
(34, 'Hoa Học Trò'),
(35, 'NXB Kim Đồng'),
(36, 'Đông Á'),
(37, 'NXB Mỹ Thuật'),
(38, 'NXB Hồng Bàng'),
(39, 'NXB Đại Học Huế');

-- --------------------------------------------------------

--
-- Table structure for table `sach`
--

CREATE TABLE `sach` (
  `IdSach` int(11) NOT NULL,
  `TenSach` varchar(255) COLLATE utf8_unicode_ci NOT NULL,
  `DonGia` decimal(10,2) NOT NULL,
  `IdTheLoai` int(5) NOT NULL,
  `NoiDung` text COLLATE utf8_unicode_ci NOT NULL,
  `HinhAnh` text COLLATE utf8_unicode_ci NOT NULL,
  `NgayXB` date NOT NULL,
  `IdNXB` int(5) NOT NULL,
  `IdTacGia` int(5) NOT NULL
) ENGINE=InnoDB DEFAULT CHARSET=utf8 COLLATE=utf8_unicode_ci;

--
-- Dumping data for table `sach`
--

INSERT INTO `sach` (`IdSach`, `TenSach`, `DonGia`, `IdTheLoai`, `NoiDung`, `HinhAnh`, `NgayXB`, `IdNXB`, `IdTacGia`) VALUES
(10001001, 'Men Like Gods (Collins Classics)', '53000.00', 10001, 'Men Like Gods (Collins Classics)\r\n \r\nHarperCollins is proud to present its incredible range of best-loved, essential classics.\r\n\r\nWelcome to Utopia.\r\n\r\nWhen Mr. Barnstaple, an Earthling, is accidentally transported to Utopia with a group of others, he begins an adventure that will change how he views the world forever.\r\n\r\nUtopia has no government. Utopia has no religion. People are governed only by their own conscience and desires, and Barnstaple is drawn into what he sees as a perfect society. But when a disease brought by the Earthlings threatens the existence of the Utopians, Barnstaple must make a choice: take over Utopia, or betray his own people to save a world he has grown to admire...', 'product\\English books\\Fiction\\71_x1L68NNL.jpg', '2021-04-11', 1, 1),
(10001002, 'How I Learned To Understand the World: A Memoir', '249000.00', 10001, 'How I Learned To Understand the World: A Memoir\r\n \r\nThe moving, playful memoir of Hans Rosling, Swedish statistics mastermind, researcher extraordinaire and author of the global bestseller, Factfulness, with Ola Rosling and Anna Rosling Rönnlund\r\n\r\nThis is a book that contains very few numbers. Instead, it is about meeting people who have opened my eyes.\r\n\r\nIt was facts that helped him explain how the world works. But it was curiosity and commitment that made the late Hans Rosling, author of the bestselling book Factfulness with Ola Rosling and Anna Rosling Rönnlund, the most popular researcher of our time.\r\n\r\nHow I Learned to Understand the World is Hans Rosling\'s own story of how he became a revolutionary thinker, and takes us from the swelter of an emergency clinic in Mozambique, to the World Economic Forum at Davos.\r\n\r\nIn collaboration with Swedish journalist Fanny Härgestam, Hans Rosling wrote his memoir with the same joy of storytelling that made a whole world listen when he spoke.', 'product\\English books\\Fiction\\71hTqCp6llL.jpg', '2021-04-11', 2, 2),
(10001003, 'The Dilemma', '229000.00', 10001, 'The Dilemma\r\n \r\nKnowing the truth will destroy her.\r\n\r\nKeeping it secret will destroy him.\r\n\r\n\'A powerful, beautifully crafted story that ratchets up the tension with every page and packs a huge emotional punch\' - TM Logan, bestselling author of The Catch\r\n\r\nIt\'s Livia\'s 40th birthday and she\'s having the party of a lifetime to make up for the wedding she never had. Everyone she loves will be there except her daughter Marnie, who\'s studying abroad. But although Livia loves Marnie, she\'s secretly glad she won\'t be at the party. She needs to tell Adam something about their daughter but she\'s waiting until the party is over so they can have this last happy time together.\r\n\r\nAdam wants everything to be perfect for Livia so he\'s secretly arranged for Marnie to come home and surprise her on her birthday. During the day, he hears some terrible news. He needs to tell Livia, because how can the party go on? But she\'s so happy, so excited - and the guests are about to arrive.\r\n\r\nThe Dilemma - how far would you go to give someone you love a last few hours of happiness?\r\n\r\nOne day that will change a family forever, The Dilemma is the breathtaking, heartbreaking new novel from the international, million-copy-selling, Sunday Times bestseller, B A Paris.\r\n\r\nPraise for The Dilemma:\r\n\r\n\'A powerful, beautifully crafted story that ratchets up the tension with every page and packs a huge emotional punch\' - TM Logan\r\n\r\n\'A departure from B A Paris\'s previous psycho-thrillers, this emotional story is gripping\' - Daily Mail\r\n\r\n\'A heartbreaking page-turner that will have you up at night reading just one more chapter\' - Catherine Steadman', 'product\\English books\\Fiction\\81gTfV8layL.jpg', '2021-04-11', 3, 3),
(10001004, 'Rebecca (Movie Tie-In)', '339000.00', 10001, 'Rebecca (Movie Tie-In)\r\n \r\nA PBS Great American Read Top 100 Pick\r\n \r\nNow a Netflix film starring Lily James and Kristin Scott Thomas\r\n\r\nLast Night I Dreamt I went to Manderley Again...\r\n\r\nWith these words, the reader is ushered into an isolated gray stone mansion on the windswept Cornish coast, as the second Mrs. Maxim de Winter recalls the chilling events that transpired as she began her new life as the young bride of a husband she barely knew. For in every corner of every room were phantoms of a time dead but not forgotten--a past devotedly preserved by the sinister housekeeper, Mrs. Danvers: a suite immaculate and untouched, clothing laid out and ready to be worn, but not by any of the great house\'s current occupants. With an eerie presentiment of evil tightening her heart, the second Mrs. de Winter walked in the shadow of her mysterious predecessor, determined to uncover the darkest secrets and shattering truths about Maxim\'s first wife--the late and hauntingly beautiful Rebecca.\r\n\r\nThis special edition of Rebecca includes excerpts from Daphne du Maurier\'s The Rebecca Notebook and Other Memories, an essay on the real Manderley, du Maurier\'s original epilogue to the book, and more.', 'product\\English books\\Fiction\\81ktU1hv9fL.jpg', '2021-04-01', 4, 4),
(10001005, 'A Single Thread', '259000.00', 10001, 'A Single Thread\r\n \r\nFROM THE GLOBALLY BESTSELLING AUTHOR OF GIRL WITH A PEARL EARRING\r\n\r\n\'Bittersweet ... dazzling\' - Guardian\r\n\r\n\'Deeply pleasurable ... the ending made me cry\' - The Times\r\n\r\n\'Told with a wealth of detail and narrative intensity\' - Penelope Lively\r\n\r\nViolet is 38.\r\n\r\nThe First World War took everything from her. Her brother, her fiance - and her future. She is now considered a \'surplus woman\'.\r\n\r\nBut Violet is also fiercely independent and determined. Escaping her suffocating mother, she moves to Winchester to start a new life -a change that will require courage, resilience and acts of quiet rebellion. And when whispers of another world war surface, she must live with a secret that could change everything...', 'product\\English books\\Fiction\\81lWoGkowyL.jpg', '2015-04-15', 5, 5),
(10001006, 'The Lost Man', '199000.00', 10001, 'The Lost Man\r\n \r\nINSTANT NEW YORK TIMES BESTSELLER\r\n\r\nTwo brothers meet in the remote Australian outback when the third brother is found dead, in this stunning new standalone novel from Jane Harper\r\n\r\nBrothers Nathan and Bub Bright meet for the first time in months at the remote fence line separating their cattle ranches in the lonely outback.\r\n\r\nTheir third brother, Cameron, lies dead at their feet.\r\n\r\nIn an isolated belt of Australia, their homes a three-hour drive apart, the brothers were one another’s nearest neighbors. Cameron was the middle child, the one who ran the family homestead. But something made him head out alone under the unrelenting sun.\r\n\r\nNathan, Bub and Nathan’s son return to Cameron’s ranch and to those left behind by his passing: his wife, his daughters, and his mother, as well as their long-time employee and two recently hired seasonal workers.\r\n\r\nWhile they grieve Cameron’s loss, suspicion starts to take hold, and Nathan is forced to examine secrets the family would rather leave in the past. Because if someone forced Cameron to his death, the isolation of the outback leaves few suspects.\r\n\r\nA powerful and brutal story of suspense set against a formidable landscape, The Lost Man confirms Jane Harper, author of The Dry and Force of Nature, is one of the best new voices in writing today.', 'product\\English books\\Fiction\\81lWoGkowyL.jpg', '2021-04-11', 2, 6),
(10001007, 'The Daughter', '199000.00', 10001, 'The Daughter\r\n \r\nIn the tradition of Gillian Flynn, Tana French, and Ruth Rendell, this compelling and clever psychological thriller spins the harrowing tale of a mother’s obsessive search for her missing daughter.\r\n \r\nJenny is a successful family doctor, the mother of three great teenagers, married to a celebrated neurosurgeon.\r\n \r\nBut when her youngest child, fifteen-year-old Naomi, doesn’t come home after her school play, Jenny’s seemingly ideal life begins to crumble. The authorities launch a nationwide search with no success. Naomi has vanished, and her family is broken.\r\n \r\nAs the months pass, the worst-case scenarios—kidnapping, murder—seem less plausible. The trail has gone cold. Yet for a desperate Jenny, the search has barely begun. More than a year after her daughter’s disappearance, she’s still digging for answers—and what she finds disturbs her. Everyone she’s trusted, everyone she thought she knew, has been keeping secrets, especially Naomi. Piecing together the traces her daughter left behind, Jenny discovers a very different Naomi from the girl she thought she’d raised. ', 'product\\English books\\Fiction\\81TtXu8uzLL.jpg', '2021-04-02', 4, 7),
(10001008, 'Magpie Murders', '199000.00', 10001, 'Magpie Murders\r\n \r\nA New York Times Bestseller - #1 Indie Next Pick - NPR Best Book of 2017 - Amazon Best Book of 2017 - Washington Post Best Book of 2017 -  Esquire Best Book of 2017\r\n \r\nMagpie Murders is a double puzzle for puzzle fans, who don\'t often get the classicism they want from contemporary thrillers. --Janet Maslin, The New York Times\r\n\r\nFrom the New York Times bestselling author of Moriarty and Trigger Mortis, this fiendishly brilliant, riveting thriller weaves a classic whodunit worthy of Agatha Christie into a chilling, ingeniously original modern-day mystery.\r\n\r\nWhen editor Susan Ryeland is given the manuscript of Alan Conway\'s latest novel, she has no reason to think it will be much different from any of his others. After working with the bestselling crime writer for years, she\'s intimately familiar with his detective, Atticus Pünd, who solves mysteries disturbing sleepy English villages. An homage to queens of classic British crime such as Agatha Christie and Dorothy Sayers, Alan\'s traditional formula has proved hugely successful. So successful that Susan must continue to put up with his troubling behavior if she wants to keep her job.\r\n \r\nConway’s latest tale has Atticus Pünd investigating a murder at Pye Hall, a local manor house. Yes, there are dead bodies and a host of intriguing suspects, but the more Susan reads, the more she’s convinced that there is another story hidden in the pages of the manuscript: one of real-life jealousy, greed, ruthless ambition and murder.\r\n\r\nMasterful, clever and relentlessly suspenseful, Magpie Murders is a deviously dark take on vintage English crime fiction in which the reader becomes the detective.', 'product\\English books\\Fiction\\81UBPzcBBAL.jpg', '2021-01-13', 6, 8),
(10001009, 'The Baby Group', '199000.00', 10001, 'The Baby Group\r\n \r\nThe gripping new thriller from the Sunday Times top 20 bestseller\r\n\r\n\'Deliciously twisted\' - RED\r\n\r\n\'Addictive\' - STYLIST\r\n\r\n\'Atmospheric\' GOOD HOUSEKEEPING\r\n\r\nHer life was perfect. Until the video.\r\n\r\nScarlett\'s golden life suddenly unravels when someone sends a shocking video of her to everyone she knows. The only people who claim they haven\'t seen it are the friends in her new mothers\' group: Cora, Emma and Asha.\r\n\r\nScarlett is forced to delve into her past to discover who is out to get her. But as her circle of trust gathers around her, she has to ask - are her friends as innocent as they seem?\r\n\r\nA gripping read about motherhood, secrets and lies, perfect for fans of Heidi Perks and B.A. Paris.\r\n\r\n\'One of the most gripping, mind-bending books I\'ve read in years. I can\'t recommend this thriller enough.\' - LUCY VINE\r\n\r\n\'A haunting exploration of the way we are expected to perform our lives and the way that jealousy distorts everything.\' - DAISY BUCHANAN', 'product\\English books\\Fiction\\81WXxPXYaDL.jpg', '2020-12-17', 3, 9),
(10001010, 'Love And Freindship: Juvenilia And Other Short Stories (Collins Classics)', '53000.00', 10001, 'Love And Freindship: Juvenilia And Other Short Stories\r\n \r\nHarperCollins is proud to present its incredible range of best-loved, essential classics.\r\n\r\nJane Austen is remembered for her six masterpieces of the Regency era: from the heroines of Elizabeth Bennett and Emma Woodhouse, to the villains of Mrs. Norris and John Willoughby. But these characters were not born overnight. They sprung from Austen\'s experiences as a young girl, and many early iterations can be found in the earliest of her writing: her Juvenilia.\r\n\r\nAusten was only a teenager when she wrote her Juvenilia. In the \'History of England\', Austen champions (and laments) the great kings of England as \'a partial, prejudiced, and ignorant Historian\'; in \'Lady Susan\', she writes a titular anti-heroine that schemes and cheats her way through high society; and in \'Love and Freindship\', Austen paints a picture of a woman looking back on her extremely unfortunate life.\r\n\r\nWriting on the cusp of literary greatness, Love and Freindship offers a fascinating - and often surprising - insight into a young Jane Austen.', 'product\\English books\\Fiction\\81yhsmVyeYL.jpg', '2021-02-03', 1, 10),
(10001011, 'The Stolen Sisters', '229000.00', 10001, 'The Stolen Sisters\r\n \r\n‘The queen of high-tension grip lit delivers a twisted tale that won’t let you go’ - Sunday Times Crime Club\r\n \r\n‘With great skill, Jensen slowly unveils the well-hidden aspects of all three characters and propels the book to a moving and convincing conclusion’ - Daily Mail\r\n \r\n‘A fast paced, suspenseful thriller with unforeseen clever twists and turns to keep the reader captivated until the very last page’ - Candis\r\n \r\n‘Twisting, turning, breathless ride to the end’ - Woman & Home\r\n \r\n‘Must read’ - Bella\r\n \r\n* * * * *\r\n \r\nSisterhood binds them. Trauma defines them. Will secrets tear them apart?\r\n \r\nLeah’s perfect marriage isn’t what it seems but the biggest lie of all is that she’s learned to live with what happened all those years ago.Marie drinks a bit too much to help her forget. And Carly has never forgiven herself for not keeping them safe.\r\n \r\nTwenty years ago The Sinclair Sisters were taken. But what came after their return was far worse. Can a family ever recover, especially when not everyone is telling the truth…?\r\n \r\n* * * * *\r\n \r\nReaders love The Stolen Sisters:\r\n \r\n‘A must read for psychological thriller fans’\r\n \r\n‘Such a great book! I didn’t see the ending coming’\r\n \r\n‘An emotional masterpiece’\r\n \r\n‘The most absorbing psychological thriller I have read in a long time’\r\n \r\n‘Devoured in one sitting, turning the last page at 2.30 am. Yes, this book is THAT good’', 'product\\English books\\Fiction\\81YrouSKf-L.jpg', '2021-04-01', 3, 11),
(10001012, 'Shuggie Bain (Winner Of The Booker Prize 2020)', '349000.00', 10001, 'Winner of the Booker Prize 2020\r\n \r\nShortlisted for the National Book Award for Fiction 2020\r\n \r\nThe Waterstones Scottish Book of the Year 2020\r\n \r\nLonglisted for the 2021 Rathbones Folio Prize\r\n \r\n\'Douglas Stuart has written a first novel of rare and lasting beauty.\' - Observer\r\n \r\nIt is 1981. Glasgow is dying and good families must grift to survive. Agnes Bain has always expected more from life. She dreams of greater things: a house with its own front door and a life bought and paid for outright (like her perfect, but false, teeth). But Agnes is abandoned by her philandering husband, and soon she and her three children find themselves trapped in a decimated mining town. As she descends deeper into drink, the children try their best to save her, yet one by one they must abandon her to save themselves. It is her son Shuggie who holds out hope the longest.\r\n \r\nShuggie is different. Fastidious and fussy, he shares his mother\'s sense of snobbish propriety. The miners\' children pick on him and adults condemn him as no\' right. But Shuggie believes that if he tries his hardest, he can be normal like the other boys and help his mother escape this hopeless place.\r\n \r\nDouglas Stuart\'s Shuggie Bain lays bare the ruthlessness of poverty, the limits of love, and the hollowness of pride. A counterpart to the privileged Thatcher-era London of Alan Hollinghurst\'s The Line of Beauty, it also recalls the work of Edouard Louis, Frank McCourt, and Hanya Yanagihara, a blistering debut by a brilliant writer with a powerful and important story to tell.\r\n \r\n\'We were bowled over by this first novel, which creates an amazingly intimate, compassionate, gripping portrait of addiction, courage and love.\' - The judges of the Booker Prize\r\n \r\nBook review: https://bookish.vn/the-booker-prize-2020-shuggie-bain-mot-vung-co-doc/', 'product\\English books\\Fiction\\91QUUZY0OtL.jpg', '2005-04-05', 7, 12),
(10001013, 'Narrative Of The Life Of Frederick Douglass (Collins Classics)', '53000.00', 10001, 'Narrative Of The Life Of Frederick Douglass\r\n \r\nHarperCollins is proud to present its incredible range of best-loved, essential classics.\r\n\r\nYou have seen how a man was made a slave; you shall see how a slave was made a man.\r\n\r\nBorn into slavery during the early nineteenth century, Frederick Douglass escaped to freedom before he was twenty-one years old. From the moment he arrived in New York City, he felt a need to tell his story, one that mirrored so many people still enslaved in the South with no hope of escape.\r\n\r\nAs an orator and preacher, Douglass was an abolitionist, supporter of women\'s suffrage and staunch defender of equality for all. In his first autobiographical work, published in 1845, The Narrative of Frederick Douglass describes how he went from slave to a free man.', 'product\\English books\\Fiction\\714Xm2ldexL.jpg', '2011-04-20', 1, 13),
(10001014, 'Bridgerton #1: The Duke & I [TV Tie-In]', '199000.00', 10001, 'Bridgerton #1: The Duke & I [TV Tie-In]\r\n \r\nA #1 New York Times Bestseller \r\n \r\nFrom #1 New York Times bestselling author Julia Quinn comes the story of Daphne Bridgerton, in the first of her beloved Regency-set novels featuring the charming, powerful Bridgerton family, now a series created by Shondaland for Netflix.\r\n \r\nIn the ballrooms and drawing rooms of Regency London, rules abound. From their earliest days, children of aristocrats learn how to address an earl and curtsey before a prince—while other dictates of the ton are unspoken yet universally understood. A proper duke should be imperious and aloof. A young, marriageable lady should be amiable…but not too amiable.\r\n \r\nDaphne Bridgerton has always failed at the latter. The fourth of eight siblings in her close-knit family, she has formed friendships with the most eligible young men in London. Everyone likes Daphne for her kindness and wit. But no one truly desires her. She is simply too deuced honest for that, too unwilling to play the romantic games that captivate gentlemen.\r\n \r\nAmiability is not a characteristic shared by Simon Basset, Duke of Hastings. Recently returned to England from abroad, he intends to shun both marriage and society—just as his callous father shunned Simon throughout his painful childhood. Yet an encounter with his best friend’s sister offers another option. If Daphne agrees to a fake courtship, Simon can deter the mamas who parade their daughters before him. Daphne, meanwhile, will see her prospects and her reputation soar.\r\n \r\nThe plan works like a charm—at first. But amid the glittering, gossipy, cut-throat world of London’s elite, there is only one certainty: love ignores every rule...\r\nThis novel includes the 2nd epilogue, a peek at the story after the story.', 'product\\English books\\Fiction\\910MJKHEEnL.jpg', '2001-04-11', 8, 14),
(10001015, 'The Choice', '229000.00', 10001, 'The Choice\r\n \r\nAn incredible new psychological crime thriller from the Top Ten Sunday Times bestselling author\r\n \r\n‘Relentlessly fast paced, a compelling plot and anxiety inducing finale. A cracking read’ - John Marrs, bestselling author of The One\r\n \r\n‘Opens with a nightmare scenario and races to a gripping, horribly tense ending – I think I actually stopped breathing several times. Loved it! - Jackie Kabler, author of The Perfect Couple \r\n \r\nA kidnap…\r\n\r\nMatt Westbrook only turned his back for a moment. But when he looks around, his car – with his three young children inside – has vanished.\r\n \r\nA ransom…\r\n\r\nPanicked, Matt assumes a car thief has got more than he bargained for, but then he starts to receive text messages: This is a kidnap. If you want to see your children again, you will exchange them for your wife.\r\n \r\nA choice…\r\n\r\nMatt and his wife Annabelle are horrified. They can’t involve the police, or their children will be killed. Which means they have to choose: Annabelle, or their children. Either option is unthinkable. But one is inevitable. And they have only hours to make their decision…\r\n \r\nThe gripping new thriller you won’t be able to put down!\r\n \r\nWhat readers are saying about The Choice:\r\n \r\n‘Alex Lake is at the top of the game. An electrifying read of 2020’\r\n \r\n‘Brilliant! Loved it. The way the story unfolds kept me at the edge of my seat’\r\n \r\n‘Oh my goodness what a rollercoaster of a read, just brilliant, full of twists and turns and I was gripped from the very first page’\r\n \r\n‘This is the must read thriller of 2020 no question’\r\n \r\n‘This book hooked me from page one and kept me gripped right to the end’\r\n \r\n‘The revelation was shocking and the last bits of the book were really tense and exciting’\r\n \r\n‘My heart was pounding and this only served to make me read faster!!!’', 'product\\English books\\Fiction\\8187_R-sxwL.jpg', '1991-04-03', 3, 15),
(10001016, 'The Turn Of The Screw (Collins Classics)', '53000.00', 10001, 'The Turn Of The Screw\r\n \r\nHarperCollins is proud to present its new range of best-loved, essential classics.\r\n\r\n\'The place, with its grey sky and withered garlands, its bared spaces and scattered dead leaves, was like a theatre after the performance-all strewn with crumpled playbills.\'\r\n\r\nRevered as one of the greatest ghost stories ever told, James\'s The Turn of the Screw is an eerie Victorian masterpiece.\r\n\r\nWhen an inexperienced governess goes to work at Bly, a country house in Essex to look after a young boy Miles and his sister Flora, all manner of strange events begin to occur. The governess spots a ghostly man and woman around the grounds and is told by the housekeeper that the valet and previous governess haunt the house. It soon becomes clear that the children are inexplicably connected to these ghosts in some way and the young governess struggles to protect the children, although from exactly what, she is not sure.\r\n\r\nExploring the psychological and sexual fears of an era, this ambiguous, suspenseful and anxiety-inspiring novella remains one of Henry James\'s most well-known tales.', 'product\\English books\\Fiction\\y648.jpg', '1995-04-12', 1, 16),
(10002001, 'My Brother\'s Name Is Jessica', '239000.00', 10002, 'My Brother\'s Name Is Jessica\r\n\r\nSam has known his sister Jessica all his life. Tonight is the first time they\'re going to meet.\r\n\r\nSam Waver has always been a loner: bullied, struggling at school, with parents who have very little time for him. The one person he has always been able to rely on is his beloved older sibling - but when they announce that they are transitioning, Sam\'s life is thrown upside down. He\'s convinced nothing will ever be the same again - but as Sam is about to discover, nothing is more constant than love.\r\n\r\nA moving and heartfelt portrait of one family\'s journey to acceptance, from a master storyteller.\r\n\r\n\'A story with so much heart that the pages practically pulse. Both funny and moving... this is a must-read for all ages\' - Irish Independent', 'product\\English books\\Teen\\71YAJqZ7DyL.jpg', '2001-04-01', 9, 17),
(10002002, 'The Promised Neverland Vol.16', '219000.00', 10002, 'The Promised Neverland Vol.16\r\n \r\nThe children of the Grace Field House orphanage must escape a macabre fate before it\'s too late.\r\n\r\nLife at Grace Field House is good for Emma and her fellow orphans. While the daily studying and exams they have to take are tough, their loving caretaker provides them with delicious food and plenty of playtime. But perhaps not everything is as it seems...\r\n\r\nWhile attempting to locate the Seven Walls, Emma and Ray find themselves trapped in a mysterious world. Can they escape this labyrinth and make the promise that will finally bring about peace? Meanwhile, Norman has his own plans...', 'product\\English books\\Teen\\81AY3cTiVnL.jpg', '2008-04-05', 10, 18),
(10002003, 'Pages & Co. #2: Tilly & The Lost Fairy Tales', '199000.00', 10002, 'Pages & Co. #2: Tilly & The Lost Fairy Tales\r\n \r\nA magical adventure to delight the imagination. The curl-up-on-the-sofa snuggle of a series from a uniquely talented author.\r\n \r\nTilly Pages is a bookwanderer; she can travel inside books, and even talk to the characters she meets there. But Tilly’s powers are put to the test when fairytales start leaking book magic and causing havoc . . . \r\n \r\nOn a wintery visit to Paris, Tilly and her best friend Oskar bravely bookwander into the land of fairytales to find that characters are getting lost, stories are all mixed-up, and mysterious plot holes are opening without warning. Can Tilly work out who, or what, is behind the chaos so everyone gets their happily-ever-after?\r\n \r\nThe second enthralling tale in the bestselling PAGES & CO series.', 'product\\English books\\Teen\\81DqQJck2HL.jpg', '2014-04-03', 3, 19),
(10002004, 'The Promised Neverland Vol.17', '219000.00', 10002, 'The Promised Neverland Vol.17\r\n \r\nThe children of the Grace Field House orphanage must escape a macabre fate before it\'s too late.\r\n\r\nLife at Grace Field House is good for Emma and her fellow orphans. While the daily studying and exams they have to take are tough, their loving caretaker provides them with delicious food and plenty of playtime. But perhaps not everything is as it seems...\r\n\r\nNorman sets in motion his plan to wipe out the demons as he leads his army into the demon capital. But he\'ll need all of his cunning and trickery to have any hope of defeating the most powerful demons in the kingdom, including the queen. Meanwhile, Emma and the other children race to the capital to stop Norman before it\'s too late!', 'product\\English books\\Teen\\81SZfzAw2pL.jpg', '2006-04-11', 10, 18),
(10002005, 'Pages & Co. #1: Tilly And The Bookwanderers', '199000.00', 10002, 'Pages & Co. #1: Tilly And The Bookwanderers\r\n \r\nA magical adventure to delight the imagination. A curl-up-on-the-sofa snuggle of a debut from a uniquely talented author.\r\n \r\nEleven year-old Tilly has lived above her grandparents’ bookshop ever since her mother disappeared shortly after she was born. Like the rest of her family, Tilly loves nothing more than to escape into the pages of her favourite stories.\r\n \r\nOne day Tilly realises that classic children’s characters are appearing in the shop through the magic of ‘book wandering’ – crossing over from the page into real life.\r\n \r\nWith the help of Anne of Green Gables and Alice in Wonderland. Tilly is determined to solve the mystery of what happened to her mother all those years ago, so she bravely steps into the unknown, unsure of what adventure lies ahead and what dangers she may face.', 'product\\English books\\Teen\\81SZfzAw2pL.jpg', '2011-04-16', 3, 19),
(10002006, 'The Promised Neverland Vol.15', '219000.00', 10002, 'The Promised Neverland Vol.15\r\n \r\nThe children of the Grace Field House orphanage must escape a macabre fate before it’s too late.\r\n\r\nLife at Grace Field House is good for Emma and her fellow orphans. While the daily studying and exams they have to take are tough, their loving caretaker provides them with delicious food and plenty of playtime. But perhaps not everything is as it seems…\r\n\r\nAs Norman and his group prepare their plan to eradicate all of the demons, Emma searches for her own path. Can she find a way to create a new promise that achieves peace without resorting to violence?', 'product\\English books\\Teen\\81Zx_77MdCL.jpg', '2012-04-30', 10, 18),
(10002007, 'Survival For Beginners', '389000.00', 10002, 'Survival For Beginners: A step-by-step guide to camping and outdoor skills\r\n \r\nGet ready for adventure by learning tips and skills to survive the outdoors.\r\n\r\nLearn the basics - from picking the best campground to knowing how to build a shelter - with clear step-by-step illustrations. Find out why not to camp under a tree, how to make a bed of leaves, and learn useful knots to secure your camp. Once you\'re safely in your shelter, discover how to net a fish, purify water, light a fire with flint and steel, and cook your catch.\r\n\r\nFind out what to take on your expedition, how to plan your route, and what to include in your survival kit. Then have fun learning camp craft and bushcraft skills. To help you find your way, this book shows you how to use a map and compass, or the Sun and stars as a guide. Discover the best way to hike over terrains, including forests, swamps, sand, snow, and ice. Learn, too, how to predict the weather by observing clouds and wind direction.\r\n\r\nSo start packing your rucksack for an outdoor adventure and don\'t forget your copy of Survival for Beginners.', 'product\\English books\\Teen\\91lliIIhe2L.jpg', '2002-04-30', 11, 20),
(10003001, 'The Digital Nomad Handbook', '419000.00', 10003, 'The Digital Nomad Handbook\r\n \r\nEscape the nine-to five and learn how to live and work on the road with the latest addition to Lonely Planet\'s Handbook series, a practical guide inspiring and motivating people to achieve their goal of travelling more, starting a whole new way of living and creating a flexible work/life balance.\r\n \r\nDivided into two sections, this informative book firstly explains the practicalities of working on the road, such as income generation, managing career changes, keeping in touch with family and maintaining relationships, what to do with your stuff, overcoming common pre-departure fears, keeping healthy on the road and much more.\r\n \r\nThe second showcases a number of ideal destinations for digital nomads, offering invaluable travel insights and information about the location in question, pros and cons, as well as inspirational tales from digital nomads out on the road. From the palm-fringed beaches of blissful Bali to the bright, neon-lights of dynamic Seoul, aspiring nomads will be inspired to make the move and start a whole new way of living.\r\n \r\nWritten by some of Lonely Planet\'s very own nomadic experts, this book is packed with top tips, insights and real life tales on what it\'s really like to be working on the road.\r\n \r\nChapters throughout include:\r\n \r\n-  10 perks of being a digital nomad\r\n\r\n-  What jobs do digital nomads do?\r\n\r\n-  15 items every digital nomad should carry\r\n\r\n-  10 ways to overcome loneliness\r\n\r\n-  Top destinations for digital nomads\r\n\r\n-  Learning the lingo', 'product\\English books\\Travel\\61pdMaL_JXL.jpg', '2021-03-24', 12, 23),
(10003002, '10 Short Lessons In Space Travel', '299000.00', 10003, '10 Short Lessons In Space Travel\r\n \r\n\'Extremely authoritative. The best book I have read on space travel since Arthur C. Clarke\'s classic, The Promise of Space.\' - Marcus Chown\r\n\r\nIn an era of rapidly developing technology and renewed ambition, the twenty-first century has ushered in an exciting new age of space flight. But what has brought us to this point in our exploration of the universe? And what does the future of space travel hold? From the amazing technology that has enabled us to look beyond the clouds to the possibilities of space tourism, 10 Short Lessons in Space Travel takes a timely look at the essential lessons learned from our voyages into outer space.\r\n\r\nAbout the series: The Pocket Einstein series is a collection of essential pocket-sized guides for anyone looking to understand a little more about some of the most relevant science that affects us all in the twenty-first century. Broken down into ten simple lessons and written by leading experts in their field, discover the ten most important takeaways from those areas of science we should all know more about.', 'product\\English books\\Travel\\61XvuOQerdL.jpg', '2008-04-05', 13, 21),
(10003003, 'Lonely Planet: Secret City (1st Edition)', '539000.00', 10003, 'Lonely Planet: Secret City (1st Edition)\r\n \r\nThis book is your essential guide to getting to know the most interesting, rewarding and hip areas to stay in 50 cities around the world. Dive deep into an exciting new destination and discover the best little-known sights and things to do, plus the coolest places to eat, drink and shop to create unforgettable trips.\r\nFor each of the 50 cities profiled in Secret City, we\'ve swung the spotlight onto neighbourhoods where you can feel the rhythms of local life.\r\n \r\nSometimes you\'ll find the city\'s most well-trodden streets are only a short distance away, but there\'s a well-concealed treasure: perhaps a blink-and-you\'ll-miss-it cafe in Rio de Janeiro\'s Copacabana, a historic jazz bar in Stockholm\'s Gamla Stan, or an unmissable brunch spot in Brunswick, Melbourne.\r\n \r\nElsewhere, you\'ll discover neighbourhoods you might not know much about but should really consider staying in: Tokyo\'s grungy Koenji, barnacle-clung Wapping and Rotherhithe in London, and Staten Island\'s North Shore in New York City.\r\n \r\nFor each neighbourhood, there are out-of-the-ordinary recommendations for eating, drinking, partying and where to delve into local culture. All of them are hand-picked by experts who know these cities inside out, and they\'re accompanied by maps to orient you in these exciting districts.\r\n \r\nAbout Lonely Planet: Lonely Planet is a leading travel media company and the world\'s number one travel guidebook brand, providing both inspiring and trustworthy information for every kind of traveller since 1973. Over the past four decades, we\'ve printed over 145 million guidebooks and grown a dedicated, passionate global community of travellers. You\'ll also find our content online, on mobile, video and in 14 languages, 12 international magazines, armchair and lifestyle books, ebooks, and more.', 'product\\English books\\Travel\\81T9B4nTugL.jpg', '2014-04-03', 12, 23),
(10003004, 'InstaTravel', '419000.00', 10003, 'InstaTravel : Discover Breathtaking Destinations. Have Amazing Adventures. Capture Stunning Photos.\r\n \r\nDiscover breathtaking destinations. Have amazing adventures. Capture stunning photos.\r\n\r\nHave you ever wanted to eat breakfast with a giraffe in Kenya? Or watch the sun rise from a Jacuzzi in the Philippines? Or ride a Vespa along the Amalfi Coast? Dream no more! Turn your fantasies into Instagram-worthy photos with help from Aggie Lal (@Aggie), one of the pre-eminent Instagram travel influencers.\r\n\r\nPack your bags and grab your passport as Aggie takes you on a journey to her favorite places in the world. She\'ll share the best times to travel, what to do for fun in each locale, and, of course, how to recreate some of her beautiful photos. You\'ll also learn what you need to take with you, how to navigate cultural differences, and how to make the most of each experience.\r\n\r\nInstaStyle showed you how to create an amazing Instagram feed. Now InstaTravel can help you fill your feed with amazing photos that look just like those featured on @Aggie. Enjoy this trip to potential Instagram fame—with Aggie Lal as your tour guide.', 'product\\English books\\Travel\\914fNgsYA0L.jpg', '2006-04-11', 14, 22),
(20001101, 'C# Dành Cho Người Bắt Đầu', '120000.00', 20001, 'C# Dành Cho Người Bắt Đầu\r\n\r\n\"C# Dành Cho Người Bắt Đầu gồm 2 phần:\r\n\r\nPHẦN 1: gồm 6 chương (1, 2, 3, 4, 5, 6) giới thiệu các câu lệnh cơ bản trong lập trình C#, được viết trên nền Console.\r\n\r\nPHẦN 2: (chương 7) giới thiệu cách xây dựng các ứng dụng trên nền Windows Form, chủ yếu là các bài tập thực hành lập trình với các công cụ cơ bản thường được sử dụng trong C#. Qua 28 bài tập thực hành trong chương 7 với những hướng dẫn từng bước, người học có thể tự mình tạo nên các ứng dụng đơn giản làm cơ sở cho việc xây dựng các dự án lớn sau này.\"', 'product\\Sách Tiếng Việt\\Chuyên Ngành\\Công Nghệ Thông Tin\\c-sharp-danh-cho-nguoi-bat-dau.jpg', '2014-04-03', 15, 24),
(20001102, 'Điện Tử Công Suất - Hướng Dẫn Sử Dụng PSIM', '102000.00', 20001, 'Điện Tử Công Suất - Hướng Dẫn Sử Dụng PSIM\r\n\r\nPHẦN 1 - TỔNG QUAN VỀ PSIM\r\n\r\n-  Chương 1. Cài đặt PSIM\r\n\r\n-  Chương 2. Giới thiệu PSIM\r\n\r\n-  Chương 3. Giới thiệu Sim View\r\n\r\n-  Chương 4. Các thông báo lỗi\r\n\r\n-  Chương 5. Các linh kiện bán dẫn\r\n\r\n-  Chương 6. Mô phỏng mạch điện cơ bản\r\n\r\nPHẦN 2 - MẠCH CHỈNH LƯU DIODE VÀ SCR\r\n\r\n-  Chương 7. Mạch chỉnh lưu không điều khiển\r\n\r\n-  Chương 8. Mạch chỉnh lưu SCR\r\n\r\nPHẦN 3 - MẠCH BIẾN ĐỔI ĐIỆN ÁP MỘT CHIỀU VÀ XOAY CHIỀU\r\n\r\n-  Chương 9. Mạch biến đổi điện áp xoay chiều\r\n\r\n-  Chương 10. Mạch biến đổi điện áp một chiều\r\n\r\nPHẦN 4 - MẠCH NGHỊCH LƯU ÁP\r\n\r\n-  Chương 11. Mạch nghịch lưu\r\n\r\nPHỤ LỤC', 'product\\Sách Tiếng Việt\\Chuyên Ngành\\Công Nghệ Thông Tin\\dien-tu-cong-suat-huong-dan-su-dung-psim.jpg', '2008-04-05', 16, 24),
(20001103, 'Excel Dành Cho Người Tự Học', '172000.00', 20001, 'Microsoft Excel là một trong những phần mềm ứng dụng được sử dụng nhiều và phổ biến nhất trong cộng đồng doanh nghiệp và cá nhân. Được phát hành hơn ba mươi năm trước, Excel vẫn được sử dụng hàng ngày tại các quốc gia trên toàn cầu để lưu trữ, thao tác và phân tích dữ liệu. Nó được sử dụng rộng rãi đến mức nếu trở thành một người dùng Excel thành thạo có thể làm gia tăng đáng kể cho thu nhập của bạn. Là một chương trình spreadsheet tuyệt vời mạnh và linh hoạt, hàng trăm triệu người trên thế giới đã và đang sữ dụng Microsoft Excel. Bạn có thể sử dụng Excel để nhập tất cả các loại dữ liệu và thực hiện các tính toán tài chính, toán học hoặc thống kê. Bạn có thể sử dụng Excel để làm cho bất kỳ loại dữ liệu nào được ghi lại hợp lý và hiệu quả hơn.\r\nBạn sẽ học được gì với cuốn sách này:\r\n• Tìm hiểu giao diện của Excel\r\n• Làm thế nào để tạo trực quan hóa dữ liệu của bạn.\r\n• Phương pháp dễ dàng và chính xác để nhập dữ liệu.\r\n• Cách trích xuất thông tin bạn muốn từ dữ liệu đã nhập, thao tác và định dạng thông tin theo cách bạn muốn.\r\n• Xuất kết quả của bạn sang các chương trình khác hoặc chia sẻ với những người khác trên đám mây.\r\n• Sắp xếp, tóm tắt, lọc và hợp nhất dữ liệu của bạn theo hầu hết mọi cách có thể tưởng tượng.\r\n• Kiểm tra, xác thực và bảo vệ dữ liệu của bạn.\r\n• Và nhiều tính năng khác nữa.\r\nCuốn sách này dành cho ai mới bắt đầu làm quen với Excel hoặc đã biết về Excel nhưng muốn tìm hiểu các tính năng mới nhất của nó trong công việc nhất là trong giáo dục.', 'product\\Sách Tiếng Việt\\Chuyên Ngành\\Công Nghệ Thông Tin\\excel-danh-cho-nguoi-tu-hoc.jpg', '2017-04-21', 15, 28),
(20001104, 'Giáo Trình Thực Hành Kiểm Thử Phần Mềm', '125000.00', 20001, 'Cuốn sách này được viết cho ba nhóm người khác nhau:\r\n•  Sinh viên hoặc người có sở thích quan tâm đến máy tính trong kiểm thử phần mềm là một công việc toàn thời gian, thực tập, hoặc làm việc theo nhóm. Đọc cuốn sách này trước cuộc phỏng vấn của bạn hoặc trước ngày đầu tiên của bạn trong công việc sẽ thực sự gây ấn tượng với ông chủ mới của bạn.\r\n\r\n•  Muốn đổi mới công việc, chuyển từ lĩnh vực chuyên môn của họ vào ngành công nghiệp phần mềm. Có rất nhiều cơ hội cho các chuyên gia phần mềm không áp dụng kiến thức của họ để kiểm thử phần mềm. Ví dụ, một người hướng dẫn bay có thể thử nghiêm một trò chơi mô phỏng chuyến bay, một kế toán có thể kiểm tra phần mềm chuẩn bị thuế, hoặc một giáo viên có thể thử nghiệm một chương trình giáo dục trẻ em mới.\r\n\r\n• Các lập trình viên, quản lý dự án phần mềm, và những người khác tạo nên một đội ngũ phát triển phần mềm, những người muốn nâng cao kiến thức và sự hiểu biết của họ về những gì kiểm thử phần mềm mang lại.\r\n\r\nCuốn sách này còn giúp bạn đọc hiểu rõ hơn một khía cạnh khác của kiểm thử phần mềm:\r\n\r\n•  Làm thế nào kiểm thử phần mềm phù hợp với quá trình phát triển phần mềm.\r\n\r\n•  Các kỹ thuật kiểm thử phần mềm cơ bản và nâng cao.\r\n\r\n•  Áp dụng các kỹ năng kiểm tra với nhiệm vụ thử nghiệm phổ biến.\r\n\r\n•  Nâng cao hiệu quả thử nghiệm với tự động hóa.\r\n\r\n• Lập kế hoạch và tài liệu nỗ lực thử nghiệm của bạn.\r\n\r\n•  Hiệu quả báo cáo những vấn đề bạn tìm thấy.\r\n\r\n• Đo nỗ lực thử nghiệm của bạn và sự tiến bộ của sản phẩm của bạn.\r\n\r\n• Biết sự khác biệt giữa kiểm tra và đảm bảo chất lượng.\r\n\r\n• Tìm một công việc như là một thử nghiệm phần mềm.', 'product\\Sách Tiếng Việt\\Chuyên Ngành\\Công Nghệ Thông Tin\\giao-trinh-thuc-hanh-kiem-thu-phan-mem.jpg', '2006-04-11', 15, 25),
(20001105, 'Hành Trang Lập Trình - Những Kỹ Năng Lập Trình Viên Chuyên Nghiệp Cần Có', '179000.00', 20001, 'Hành Trang Lập Trình - Những Kỹ Năng Lập Trình Viên Chuyên Nghiệp Cần Có\r\n\r\n\"Tác giả Vũ Công Tấn Tài hiện đang làm việc như một lập trình viên full-stack toàn thời gian trong lĩnh vực phát triển ứng dụng Web và tham gia vào các dự án triển khai hệ thống CI/CD phục vụ cho các yêu cầu nâng cao chất lượng sản phẩm. Bên cạnh công việc chính, tác giả cũng thường tham gia hướng dẫn các lớp học lập trình cũng như tổ chức các buổi chia sẻ kinh nghiệm làm việc cho các bạn sinh viên.\r\n\r\nTrong suốt quá trình làm việc và tìm kiếm thông tin, tác giả Vũ Công Tấn Tài nhận ra rằng lập trình viên ở Việt Nam khá cô đơn và thiệt thòi: không có nhiều nguồn thông tin bằng tiếng Việt, nếu có thì cũng nằm rải rác ở nhiều nơi, gây ra không ít khó khăn cho nhiều người.\r\n\r\nVới mong muốn chia sẻ thật nhiều kiến thức, trong cuốn sách này, tác giả sẽ đem đến cho các bạn nhiều điều về nghề lập trình cũng như công việc của những nhà phát triển phần mềm – hay chúng ta vẫn hay gọi là nghề “lập trình viên”.\r\n\r\nCuốn sách gồm 2 nội dung chính:\r\n\r\n- Chương I: Phần này trình bày những suy nghĩ và kĩ năng mềm cần thiết để bạn có thể hòa nhập và tiến xa được trong lĩnh vực công nghệ phần mềm. Nội dung trong phần này lại được chia thành những mục nhỏ hơn tương ứng với từng giai đoạn học tập và làm việc:\r\n\r\n• Giai đoạn 1 – Học nghề: Trình bày những thái độ và kĩ năng học tập cần thiết để có thể học tập hiệu quả ở trường, cũng như chuẩn bị hành trang cho quá trình làm việc sau này.\r\n\r\n• Giai đoạn 2 – Vào nghề: Cung cấp một vài thông tin hữu ích liên quan tới việc tìm kiếm và ứng tuyển vào những công ty công nghệ, phần này cũng đưa ra vài góc nhìn liên quan tới việc đánh giá và so sánh nơi làm việc để bạn tìm ra được công ty phù hợp.\r\n\r\n• Giai đoạn 3 – Phát triển trong nghề: Sau khi đã tìm được nơi làm việc, phần này sẽ trình bày những suy nghĩ và cách tư duy làm việc để giúp bạn có thể tiến bộ hơn trong sự nghiệp lập trình viên.\r\n\r\n- Chương II: Phần này sẽ đi sâu vào một vài kiến thức kĩ thuật nền tảng mình nghĩ là cần thiết cho quá trình phát triển sau này của một lập trình viên.\r\n\r\n• Phần 1 – Clean Code (Mã sạch): Những dòng code được viết ra không phải chỉ dành cho máy tính, mà còn là để cho con người (bảo trì, phát triển…), đây là điều cực kì quan trọng nhưng thường ít được dạy kĩ càng khi ở trường. Phần này sẽ hướng dẫn các bạn cách để viết mã sạch.\r\n\r\n• Phần 2 – Những nguyên lí lập trình nâng cao (SOLID): Viết code chạy được chỉ là bước đầu tiên, để trở thành lập trình viên giỏi chúng ta cần phải biết cách viết code dễ bảo trì, dễ mở rộng và linh hoạt hơn. Phần này sẽ cùng bạn bàn luận về những nguyên lí lập trình nâng cao mà mọi lập trình viên có kinh nghiệm cần phải biết.\r\n\r\n• Phần 3 – Đơn giản hóa các khái niệm kĩ thuật phức tạp: Lập trình không dễ, những cũng không thật sự khó, phần này sẽ cố gắng giải thích những khái niệm và kĩ thuật phức tạp nhằm giúp bạn có thể nhanh chóng nâng cao kĩ năng của bản thân.\r\n\r\nLời khuyên của Biên tập viên dành cho việc đọc cuốn sách\r\n\r\nĐây là một cuốn sách về kĩ thuật, nhưng bạn đừng quá lo lắng nếu như chưa có nhiều kiến thức chuyên môn trong ngành. Cuốn sách này được thiết kế và trình bày đơn giản hóa theo những cách dễ hiểu nhất để các bạn sinh viên hoặc các bạn vừa mới đi làm cũng có thể hiểu một cách dễ dàng. Các bạn cũng có thể tham khảo qua bảng danh sách thuật ngữ ở cuối sách để có thể hiểu những khái niệm được đề cập tới trong sách.\"', 'product\\Sách Tiếng Việt\\Chuyên Ngành\\Công Nghệ Thông Tin\\hanh-trang-lap-trinh.jpg', '2011-04-16', 15, 30),
(20001106, 'Lập Trình Windows Form Và Web Form Với C#', '150000.00', 20001, 'Lập Trình Windows Form Và Web Form Với C#\r\n\r\n\"Trọng tâm của sách hướng dẫn bạn đọc trong một thời gian ngắn nhất có thể tự mình xây dựng hai trang web \"\"Quản lý bán hàng\"\" và Quản lý tuyển sinh\"\" làm cơ sở cho lập trình những ứng dụng phức tạp hơn. Với các hướng dẫn từng bước, người học (sinh viên) có thể tự mình xây dựng được một ứng dụng cho web, sẽ dễ dàng xây dựng những ứng dụng do thầy cô giao cho khi làm những đồ án, báo cáo cho môn học C#.\r\n\r\nPhần 1: Lập trình với C# - Ứng dụng windows form\r\n\r\nPhần 2: Lập trình với C# - Quản lý bán hàng\r\n\r\nPhần 3: Lập trình với C# - Quản lý tuyển sinh\"', 'product\\Sách Tiếng Việt\\Chuyên Ngành\\Công Nghệ Thông Tin\\lap-trinh-windows-form-va-web-form-voi-c-sharp.jpg', '2012-04-30', 15, 31),
(20001107, 'Microsoft Word 2010 Cho Người Mới Bắt Đầu', '65000.00', 20001, 'Sách gồm 13 chương được biên soạn với phương pháp học nhanh và dễ hiểu giúp những người mới bắt đầu học có thể hiểu và sử dụng nhanh chương trình và các tính năng mới nhất của Word 2010.\r\n\r\nVới những hình ảnh minh họa và chỉ dẫn cụ thể bạn được hướng dẫn cách tạo tài liệu, định dạng và biên tập văn bản, kiểm tra chính tả tự động... Ngoài ra như chỉnh sửa đồ họa, kiểu chữ, hộp Text các kiểu Word Art các mẫu biểu cùng nhiều thủ thuật giúp bạn tốt nhất đến với Word 2010.', 'product\\Sách Tiếng Việt\\Chuyên Ngành\\Công Nghệ Thông Tin\\Microsoft Word 2010 Cho Người Mới Bắt Đầu.jpg', '2002-04-30', 15, 32),
(20001108, 'Tự Học Nhanh Microsoft Office - Microsoft Office Dành Cho Người Bắt Đầu (Dùng cho các phiên bản 2019-2016-2013)', '165000.00', 20001, 'Nội dung sách trình bày những kiến thức không quá sâu, nhằm phục vụ cho những người mới bắt đầu làm quen với việc soạn thảo văn bản (Word), bảng tính (Excel), trình chiếu (PowerPoint) và vẽ kỹ thuật (Visio), đồng thời là tài liệu tham khảo chương trình Microsoft Office cho giáo viên, học sinh tại các trung tâm, trường học. Bố cục cuốn sách gồm 4 phần:\r\n\r\nPHẦN 1: HƯỚNG DẪN SỬ DỤNG MICROSOFT WORD\r\n\r\nBài tập 1: Thiết lập định dạng văn bản.\r\nBàl tập 2: Những chức năng hiệu chỉnh.\r\nBài tập 3: Tạo Textbox-Table và Chart.\r\nBài tập 4: Tìm kiếm - Thay thế - Kiểm tra lỗi - Mail Merge.\r\nBài tập 5: Hiển thị - In.\r\nBài tập 6: Những lỗi thường gặp khi soạn thảo văn bản.\r\nBài tập 7: Mẹo hay trong Word.\r\nPHẦN 2: HƯỚNG DẪN SỬ DỤNG MICROSOFT POWERPOINT\r\n\r\nBài tập 8: Thực hành với PowerPoint.\r\n-           Làm quen với PowerPoint.\r\n\r\n-           Hướng dẫn thiết kế bài giảng hóa học.\r\n\r\n-           Ứng dụng thiết kế bài giảng của PowerPoint.\r\n\r\nPHẦN 3: HƯỚNG DẪN SỬ DỤNG MICROSOFT EXCEL\r\n\r\nBài tập 9: Tổng quan về Excel.\r\nBài tập 10: Hàm trong Excel.\r\nBài tập 11: Đồ thị trong Excel.\r\nBài tập 12: Bài tập Excel.\r\nPHẦN 4: HƯỚNG DẪN sử dụng MICROSOFT VISIO\r\n\r\nBài tập 13: Làm quen với Visio.\r\nBài tập 14: Vẽ mô hình tổ chức công ty.\r\nBài tập 15: Vẽ sơ đồ quy trình sản xuất.\r\nBài tập 16: Vẽ sơ đồ quy trình sản xuất công ty.\r\nPHẦN 5: LẬP TRÌNH VBA', 'product\\Sách Tiếng Việt\\Chuyên Ngành\\Công Nghệ Thông Tin\\microsoft-office-danh-cho-nguoi-bat-dau.jpg', '2013-04-09', 15, 24),
(20001109, 'Tin Học Văn Phòng - Tự Học Excel Bằng Hình Ảnh (Dùng cho các phiên bản 2019-2016-2013)', '134000.00', 20001, 'Tin Học Văn Phòng - Tự Học Excel Bằng Hình Ảnh (Dùng cho các phiên bản 2019-2016-2013)\r\n\r\nNội dung\r\n\r\nChương 1: Nâng cao tính hữu dụng\r\n\r\nChương 2: Công thức và hàm số\r\n\r\nChương 3: Sao chép - Định dạng\r\n\r\nChương 4: Thao tác trên bảng tính\r\n\r\nChương 5: Khảo sát các mẫu trong dữ liệu\r\n\r\nChương 6: Tạo biểu đồ\r\n\r\nChương 7: Trình bày trang tính\r\n\r\nChương 8: Bảo vệ, lưu và in\r\n\r\nChương 9: Mở rộng excel\r\n\r\nChương 10: Tùy chỉnh excel\r\n\r\nChương 11: Tổng quan về excel 2016\r\n\r\nChương 12: Nhập dữ liệu trong excel 2016\r\n\r\nChương 13: Phục hồi password file excel\r\n\r\nChương 14: Bài tập làm thêm', 'product\\Sách Tiếng Việt\\Chuyên Ngành\\Công Nghệ Thông Tin\\tu-hoc-excel-bang-hinh-anh-phien-ban-2019-2016-2013.jpg', '2021-04-08', 15, 34),
(20001110, 'Tự Học Photoshop CC Toàn Tập (Tái Bản 2019)', '120000.00', 20001, 'Tự Học Photoshop CC Toàn Tập (Tái Bản 2019)\r\n\r\n\"Đây là quyển sách sẽ giúp các bạn hiểu rõ các kiến thức cơ bản và nâng cao của photoshop, hiểu rõ từng công cụ, nút lệnh và filter.\r\n\r\nQuyển sách đã sưu tầm và cung cấp tài liệu học tập giáo trình Photoshop chuẩn xác và đầy đủ, phù hợp với cả đối tượng người mới bắt đầu học chương trình cơ bản và người cần học photoshop nâng cao để phục vụ cho công việc của mình.\"', 'product\\Sách Tiếng Việt\\Chuyên Ngành\\Công Nghệ Thông Tin\\tu-hoc-photoshop-cc-toan-tap.jpg', '2012-04-05', 15, 24);
INSERT INTO `sach` (`IdSach`, `TenSach`, `DonGia`, `IdTheLoai`, `NoiDung`, `HinhAnh`, `NgayXB`, `IdNXB`, `IdTacGia`) VALUES
(20001201, 'Bộ Đề Đánh Giá Năng Lực Môn Toán', '90000.00', 20001, 'Những năm gần đây, việc thay đổi trong kiểm tra, đánh giá năng lực và kết quả học tập của học sinh đã trở thành nhu cầu tất yếu. Trong đó, xu hướng sử dụng hình thức thi trắc nghiệm trong kiểm tra, đánh giá thường xuyên cũng như các kì thi cuối cấp ngày càng phổ biến. Với mong muốn giúp các em học sinh có một bộ tài liệu hữu ích, công ty Cổ phần Sách và Công nghệ Giáo dục Việt Nam - Eduking tổ chức biên soạn và phát hành bộ sách Bộ đề đánh giá năng lực các môn: Toán, Ngữ văn, Tiếng Anh, Vật lý, Hóa học, Sinh học, Lịch Sử, Địa Lí, Giáo dục Công dân.\r\n\r\nNội dung cuốn sách Bộ Đề Đánh Giá Năng Lực Môn Toán bám sát yêu cầu về kiến thức, kĩ năng theo hướng phát triển năng lực, phẩm chất ở người học, phù hợp cho việc ôn luyện thi tốt nghiệp THPT, thi đánh giá năng lực của Đại học Quốc gia TP HCM, Đại học Bách khoa Hà Nội, cũng như trong kiểm tra, đánh giá tại các trường THPT.\r\n\r\nCấu trúc cuốn sách bao gồm:\r\n\r\nPhần 1: Bộ đề đánh giá năng lực được xây dựng theo ma trận đề thi tốt nghiệp THPT. Các câu hỏi được phân bố hợp lý theo 04 mức độ: nhận biết, thông hiểu, vận dụng và vận dụng cao.\r\n\r\nPhần 2: Đáp án. Giúp các em trong quá trình tự học và rèn luyện kĩ năng làm bài.\r\n\r\nThực tế, trong quá trình ôn luyện học sinh gặp nhiều vấn đề sau:\r\n\r\nNhững nội dung trọng tâm nào cần ôn luyện? Cần liên hệ, mở rộng và vận dụng kiến thức vào thực tế như thế nào?\r\n\r\nPhương pháp ôn luyện như thế nào?\r\n\r\nTrong đề thi đánh giá năng lực có tác dụng câu hỏi nào, phân bổ ra sao và cách giải quyết từng dạng câu hỏi để có kết quả tố\r\n\r\nHi vọng bộ sách này sẽ là bộ tài liệu tự học hữu ích, giúp các em học tập một cách có trọng tâm, có phương pháp và đạt hiệu quả cao.', 'product\\Sách Tiếng Việt\\Chuyên Ngành\\Giáo Dục\\bo-de-danh-gia-nang-luc-mon-toan.jpg', '2008-04-05', 17, 37),
(20001202, 'Cẩm Nang Tuyển Sinh 2021 (Báo Thanh Niên)', '27500.00', 20001, '', 'product\\Sách Tiếng Việt\\Chuyên Ngành\\Giáo Dục\\cam-nang-tuyen-sinh-2021-bao-thanh-nien.jpg', '2008-04-05', 18, 38),
(20001203, 'Chinh Phục Đề Thi Vào Lớp 10 Môn Toán (Tái bản năm 2020)', '159000.00', 20001, 'Chinh phục đề thi vào 10 môn Toán (Tái bản) là cuốn sách nằm trong bộ sách Chinh phục đề thi vào 10 Toán Văn Anh (Tái bản) – Tổng ôn giúp các em học sinh lớp 9 có được nền tảng kiến thức vững chắc và các kỹ năng làm đề quan trọng để có thể chinh phục mục tiêu vào 10 với điểm số cao nhất.\r\n\r\nBộ sách được biên soạn từ những giáo viên có uy tín và kinh nghiệm nhiều năm biên soạn sách tham khảo, sách luyện thi bám sát chương trình học và thi – Là bộ luyện đề chất lượng mới nhất chiếm trọn sự mong đợi của các học sinh lớp 9.\r\n\r\nĐây là bộ sách:\r\n\r\n- Ôn thi vào 10 đầy đủ, chi tiết và mới nhất\r\n\r\n- Tổng ôn 90 đề then chốt cả 3 môn kèm giải chi tiết\r\n\r\n- Tích hợp các chuyên đề hay và khó, trọng tâm chương trình thi\r\n\r\n- Trang bị kỹ năng và mẹo làm bài\r\n\r\n- Phù hợp cho học sinh lớp 9 mọi năng lực, từ trung bình đến khá giỏi.\r\n\r\n6 ƯU ĐIỂM NỔI BẬT CHỈ CÓ Ở CHINH PHỤC ĐỀ THI VÀO 10 MÔN TOÁN (TÁI BẢN) – Phiên bản NEW Bộ đề mới nhất\r\n\r\nCuốn sách ôn thi vào 10 đầy đủ và chi tiết nhất\r\nToàn bộ chương trình ôn thi vào 10 môn Toán được cô đọng chỉ trong 1 cuốn sách, các em được ôn lại kiến thức cũ, ghi nhớ kiến thức mới, và từ đó vận dụng nhuần nhuyễn kiến thức vào các đề thi cụ thể.\r\n\r\nTích hợp 4 chuyên đề hay & khó, trọng tâm trong chương trình thi\r\nCác chuyên đề trọng tâm hay & khó: Phương trình, Hệ phương trình, Giá trị lớn nhất, giá trị nhỏ nhất, Bất đẳng thức được tổng hợp ngắn gọn – khoa học:\r\n\r\nKiến thức → Dạng bài thường gặp → Phương pháp giải → Ví dụ luyện giải → Lời giải → Bài tập tương tự\r\n\r\nPhương pháp ôn tập chú trọng vào “Rèn từ gốc” – Học đến đâu chắc đến đó, giúp học sinh ôn luyện dễ dàng và hiệu quả nhờ học chắc – hiểu sâu tất tần tật các chuyên đề trọng tâm.\r\n\r\nTổng ôn 35 đề kèm giải chi tiết – 2 chặng then chốt\r\nPhần 1: Luyện giải 20 đề chi tiết\r\n\r\nPhần 2: Tự luyện 15 đề thi thật, chọn lọc từ các tỉnh thành trên toàn quốc\r\n\r\nTổng ôn 35 đề thi được biên soạn, chọn lọc chất lượng nhất, bám sát đề thi thật kỳ thi tuyển sinh vào 10 các năm gần đây và định hướng của Bộ Giáo dục & Đào tạo.\r\n\r\nQuá trình luyện đề được xem là quan trọng nhất, quyết định trực tiếp đến kết quả bài thi, vừa vận dụng kiến thức, vừa làm quen với các dạng bài. Với 35 đề thi tương đương với 35 lần làm bài thi thử, các em được thực hành giải đề, nâng cao kỹ năng, không còn bỡ ngỡ khi bước vào bài thi thật.\r\n\r\nTrang bị kỹ năng và mẹo làm bài\r\nCấu trúc lời giải theo hướng: Lời giải chi tiết – Nhắc lại tất tần tật kỹ năng làm bài, tổng hợp lại kiến thức trọng tâm nhất. Các em tự nhận xét được năng lực bản thân, thấy được lỗi sai cần tránh, kịp thời lấp đầy lỗ hổng kiến thức, tìm ra các phương pháp làm bài nhanh, từ đó nâng cao năng lực của bản thân.\r\n\r\nPhù hợp cho học sinh lớp 9 mọi năng lực\r\nCuốn sách được biên tập khoa học, phù hợp với mọi đối tượng học sinh có học lực từ trung bình – khá đến giỏi.\r\n\r\nKiến thức được biên soạn từ cơ bản đến nâng cao giúp học sinh có học lực trung bình củng cố vững chắc kiến thức nền tảng, vận dụng với các bài tập cơ bản; học sinh có học lực khá, giỏi nâng cao tư duy và kỹ năng giải đề với các bài tập vận dụng nâng cao.\r\n\r\nBí kíp bỏ túi – Tổng hợp kiến thức\r\nHiểu được khó khăn của các em khi cần tra cứu nhanh, ghi nhớ nhanh, Megabook đã tổng hợp toàn bộ kiến thức và công thức quan trọng nhất thành một tờ bí kíp đặc biệt. Bí kíp được thể hiện dưới dạng mindmap – sơ đồ tư duy ngắn gọn, nổi bật, dễ học, cần là có – khó là mở, tối ưu hiệu quả ôn tập cho các em.\r\n\r\nVới những ưu điểm trên, Chinh phục đề thi vào 10 (Tái bản) chính là bộ sách hoàn hảo đồng hành cùng các bạn học sinh lớp 9 chinh phục mục tiêu thi đậu vào ngôi trường mơ ước!', 'product\\Sách Tiếng Việt\\Chuyên Ngành\\Giáo Dục\\chinh-phuc-de-thi-vao-lop-10-mon-toan-tb-2020.jpg', '2014-04-03', 19, 39),
(20001204, 'Chinh Phục Đề Thi Vào Lớp 10 Môn Văn (Tái bản năm 2020)', '159000.00', 20001, 'Chinh Phục Đề Thi Vào Lớp 10 Môn Văn (Tái bản năm 2020) là cuốn sách nằm trong bộ sách Chinh phục đề thi vào 10 Toán Văn Anh (Tái bản) – Tổng ôn giúp các em học sinh lớp 9 có được nền tảng kiến thức vững chắc và các kỹ năng làm đề quan trọng để có thể chinh phục mục tiêu vào 10 với điểm số cao nhất.\r\n\r\nBộ sách được biên soạn từ những giáo viên có uy tín và kinh nghiệm nhiều năm biên soạn sách tham khảo, sách luyện thi bám sát chương trình học và thi – Là bộ luyện đề chất lượng mới nhất chiếm trọn sự mong đợi của các học sinh lớp 9.\r\n\r\nĐây là bộ sách:\r\n\r\n- Ôn thi vào 10 đầy đủ, chi tiết và mới nhất\r\n\r\n- Tổng ôn 90 đề then chốt 3 môn kèm giải chi tiết\r\n\r\n- Tích hợp các chuyên đề hay và khó, trọng tâm chương trình thi\r\n\r\n- Trang bị kỹ năng và mẹo làm bài\r\n\r\n- Phù hợp cho học sinh lớp 9 mọi năng lực, từ trung bình đến khá giỏi.\r\n\r\n7 ƯU ĐIỂM NỔI BẬT CHỈ CÓ Ở CHINH PHỤC ĐỀ THI VÀO 10 MÔN VĂN (TÁI BẢN) – Phiên bản NEW Bộ đề mới nhất\r\n\r\nCuốn sách ôn thi vào 10 đầy đủ và chi tiết nhất\r\nToàn bộ chương trình ôn thi vào 10 môn Ngữ văn được cô đọng chỉ trong 1 cuốn sách, các em được ôn lại kiến thức cũ, ghi nhớ kiến thức mới, và từ đó vận dụng nhuần nhuyễn kiến thức vào các đề thi cụ thể.\r\n\r\nTích hợp 3 chuyên đề trọng tâm trong chương trình thi\r\nCác chuyên đề trọng tâm: Đọc – hiểu văn bản, Nghị luận xã hội, Nghị luận văn học được tổng hợp ngắn gọn – khoa học – đầy đủ thông qua hệ thống bảng biểu, sơ đồ tư duy.\r\n\r\nPhương pháp ôn tập chú trọng vào “Rèn từ gốc” – Học đến đâu chắc đến đó, giúp học sinh ôn luyện dễ dàng và hiệu quả nhờ học chắc – hiểu sâu tất tần tật các chuyên đề trọng tâm.\r\n\r\nTổng ôn 30 đề kèm giải chi tiết – 2 chặng then chốt\r\nChặng 1: Luyện giải 20 đề chi tiết\r\n\r\nChặng 2: Tự luyện 10 đề thi thật, chọn lọc từ các tỉnh thành trên toàn quốc\r\n\r\nTổng ôn 30 đề thi được biên soạn, chọn lọc chất lượng nhất, bám sát đề thi thật kỳ thi tuyển sinh vào 10 các năm gần đây và định hướng của Bộ Giáo dục & Đào tạo.\r\n\r\nQuá trình luyện đề được xem là quan trọng nhất, quyết định trực tiếp đến kết quả bài thi, vừa vận dụng kiến thức, vừa làm quen với các dạng bài. Với 30 đề thi tương đương với 30 lần làm bài thi thử, các em được thực hành giải đề, nâng cao kỹ năng, không còn bỡ ngỡ khi bước vào bài thi thật.\r\n\r\nTrang bị kỹ năng và mẹo làm bài\r\nCấu trúc lời giải theo hướng: Lời giải chi tiết – Nhắc lại tất tần tật kỹ năng làm bài, tổng hợp lại kiến thức trọng tâm nhất.\r\n\r\nCác em tự nhận xét được năng lực bản thân, thấy được lỗi sai cần tránh, kịp thời lấp đầy lỗ hổng kiến thức, tìm ra phương pháp làm bài văn từ đúng – đủ ý đến hay – sâu, từ đó nâng cao năng lực và điểm số của bản thân.\r\n\r\nBổ sung Tóm tắt các tác phẩm văn học\r\nCác tác phẩm văn học trọng tâm được tóm lược đầy đủ các kiến thức cơ bản mà học sinh lớp 9 cần nhớ nhất như Tác giả, tác phẩm, giá trị nội dung và nghệ thuật, các hình ảnh, hình tượng văn học.\r\n\r\nPhù hợp cho học sinh lớp 9 mọi năng lực\r\nCuốn sách được biên tập khoa học, phù hợp với mọi đối tượng học sinh có học lực từ trung bình – khá đến giỏi.\r\n\r\nKiến thức được biên soạn từ cơ bản đến nâng cao giúp học sinh có học lực trung bình củng cố vững chắc kiến thức nền tảng, vận dụng với các bài tập cơ bản; học sinh có học lực khá, giỏi nâng cao tư duy và kỹ năng giải đề với các bài tập vận dụng nâng cao.\r\n\r\nBí kíp bỏ túi – Tổng hợp kiến thức \r\nHiểu được khó khăn của các em khi cần tra cứu nhanh, ghi nhớ nhanh, các tác giả đã tổng hợp toàn bộ kiến thức và công thức quan trọng nhất thành một tờ bí kíp đặc biệt. Bí kíp được thể hiện dưới dạng mindmap – sơ đồ tư duy ngắn gọn, nổi bật, dễ học, cần là có – khó là mở, tối ưu hiệu quả ôn tập cho các em.\r\n\r\nVới những ưu điểm trên, Chinh Phục Đề Thi Vào Lớp 10 Môn Văn (Tái bản năm 2020) chính là bộ sách hoàn hảo đồng hành cùng các bạn học sinh lớp 9 chinh phục mục tiêu thi đậu vào ngôi trường mơ ước!', 'product\\Sách Tiếng Việt\\Chuyên Ngành\\Giáo Dục\\chinh-phuc-de-thi-vao-lop-10-mon-van-tb-2020.jpg', '2006-04-11', 19, 39),
(20001205, 'Hướng Dẫn Ôn Thi Vào Lớp 10 Môn Toán', '30000.00', 20001, 'Hướng dẫn ôn thi vào lớp 10 môn Toán nằm trong Bộ Hướng dẫn ôn thi vào lớp 10 Toán – Văn –  Anh được biên soạn bởi các nhà giáo giàu kinh nghiệm trong việc ôn thi vào lớp 10. Cuốn sách hệ thống toàn bộ kiến thức Toán theo từng chuyên đề, ngay sau mỗi chuyên đề là bài tập ứng dụng, hướng dẫn cách làm bài cụ thể, từ đó các em có thể tự thử sức với các dạng bài tập theo 4 mức độ: nhận biết, thông hiểu, vận dụng và vận dụng cao. Ở phần sau, các em sẽ bắt đầu giải các đề thi mẫu được biên soạn theo kiểu đề thi của TP. Hồ Chí Minh và rèn luyện với đề của một số địa phương khác.\r\n\r\nVới hệ thống kiến thức đầy đủ, toàn diện và bám sát cấu trúc ra đề, cuốn sách là giải pháp tổng ôn - luyện hiệu quả cho các em trước khi bước vào kì thi tuyển sinh vào lớp 10.', 'product\\Sách Tiếng Việt\\Chuyên Ngành\\Giáo Dục\\huong-dan-on-thi-vao-lop-10-mon-toan.jpg', '2011-04-16', 20, 40),
(20001206, 'Ôn Luyện Thi Tốt Nghiệp THPT Năm 2021 - Môn Ngữ Văn', '45000.00', 20001, 'Căn cứ vào phương án tổ chức Kì thi tốt nghiệp THPT và tuyển sinh vào Đại học, Cao Đẳng năm 2021 cũng như dựa trên thực tế nhu cầu ôn luyện thi của học sinh, công ty Cổ phần Sách và Công nghệ giáo dục Việt Nam tổ chức biên soạn bộ sách Ôn Luyện Thi Tốt Nghiệp THPT Năm 2021 (gồm 05 cuốn theo các bài thi Toán, Ngữ Văn, Tiếng Anh, Khoa học Tự nhiên và Khoa học Xã hội).\r\n\r\nBộ sách hướng tới hai mục tiêu: đảm bảo yêu cầu cơ bản cho học sinh ôn luyện thi để xét công nhận tốt nghiệp THPT và cung cấp kiến thức phân hóa cao để xét tuyển Đại học, Cao đẳng năm 2021.\r\n\r\nNội dung cuốn sách được xây dựng bám sát theo chuẩn kiến thức, kĩ năng của chương trình học cấp THPT hiện hành theo các mức độ đánh giá năng lực học sinh. Cấu trúc cuốn sách gồm 02 phần chính:\r\n\r\nPhần 1: Hệ thống kiến thúc và câu hỏi ôn tập theo chủ đề môn học\r\n\r\nPhần 2: Một số đề tham khảo và đáp án\r\n\r\nĐặc biệt, để việc ôn luyện thi thêm hiệu quả cũng như bước đầu chuẩn bị cho việc tổ chức kì thi tốt nghiệp trên máy tính, mỗi cuốn sách có kèm theo một số mã để sử dụng miễn phí Ứng dụng công nghệ thi thử 4.0. Với số lượng đề thi đa dạng, phong phú được biên soạn bởi các giáo viên luyện thi uy tín, ứng dụng không những cho phép học sinh ôn luyện thi dưới hình thức làm bài thi thử trên nền tảng website và smartphone mà còn cho phép các cơ sở giáo dục có thể tạo phòng thi cho học sinh với đề thi được biên soạn riêng, chế độ chấm thi tự động theo yêu cầu của từng đơn vị.', 'product\\Sách Tiếng Việt\\Chuyên Ngành\\Giáo Dục', '2012-04-30', 19, 38),
(20001207, 'Mega 2021 - Siêu Luyện Đề 9+ THPT Quốc Gia 2021 - Hóa Học', '165000.00', 20001, 'Trải qua 6 năm – Đồng hành 6 mùa thi thành công, Mega Luyện đề đã trở thành bộ sách luyện đề THPT Quốc gia số 1, giúp hơn 200 nghìn bạn sĩ tử lớp 12 đỗ vào những ngôi trường Đại học mơ ước.\r\n\r\nVà năm nay, Mega 2021 – Siêu luyện đề 9+ THPT Quốc gia – Phiên bản NEW Bộ đề mới nhất trở lại với sự đầu tư chỉn chu từ chất lượng đến hình thức, tiện ích, tính năng, chắc chắn sẽ giúp các sĩ tử 2K3 ôn luyện kiến thức vững vàng và chinh phục mục tiêu điểm số thành công.\r\n\r\nƯU ĐIỂM NỔI BẬT CHỈ CÓ Ở MEGA 2021 – SIÊU LUYỆN ĐỀ 9+ THPT QUỐC GIA HÓA HỌC – Phiên bản NEW Bộ đề mới nhất\r\n\r\n1.  Lộ trình trọng tâm – đúng hướng, tối ưu hiệu quả luyện đề\r\nĐể có một bài thi đạt kết quả tốt thì tích lũy kiến thức không thôi chưa đủ, các em cần được rèn luyện bản lĩnh phòng thi, khả năng phân tích tổng hợp, đánh giá các câu hỏi trong đề thi thông qua luyện đề.\r\n\r\nChính vì thế, Mega 2021 Hóa học xây dựng một lộ trình trọng tâm – đúng hướng nhất, tập trung trực diện vào việc luyện đề, cô đọng toàn bộ nội dung thi THPT Quốc gia Hóa học:\r\n\r\nLuyện 25 đề thi thử trong sách → Củng cố kiến thức qua lời giải chi tiết → Nâng cao kỹ năng làm bài, đánh giá năng lực bằng thi thử trực tuyến megalive.vn\r\n\r\n2.  Tổng ôn – Luyện đề then chốt kèm lời giải chi tiết\r\nBộ đề bao gồm 25 đề thi chuẩn cấu trúc được chọn lọc, biên soạn bao quát mọi dạng bài, đón đầu các vấn đề mới nhất xuất hiện trong kỳ thi THPT Quốc gia 2021.\r\n\r\nVới 25 đề thi then chốt tương đương với 25 lần làm bài thi thật này, các em được tổng ôn toàn bộ chương trình thi, thực hành luyện giải, nâng cao kỹ năng làm bài.\r\n\r\nBên cạnh đó, mỗi đề thi thử đểu có đáp án và lời giải siêu chi tiết, tập trung, ngắn gọn giúp các em hiểu rõ bản chất câu hỏi, nắm rõ cách làm bài. Đồng thời, rút ra kinh nghiệm làm bài, biết thêm nhiều phương pháp và mẹo giải hay, nâng cao tư duy giải đề.\r\n\r\n3.  Ghi nhớ nhanh – Tra cứu dễ dàng\r\nHiểu được khó khăn của các em khi ghi nhớ công thức hay cần tra cứu nhanh, Mega 2021 đã tổng hợp toàn bộ kiến thức quan trọng một cách ngắn gọn, súc tích nhất thông qua:\r\n\r\n- Ô NOTE thông minh:\r\n\r\nSau lời giải mỗi bài là một ô note kiến thức trọng tâm nhất cực kỳ hữu ích cho 2K3:\r\n\r\n+ Nhắc nhanh, tổng hợp kiến thức, công thức mà lời giải đã sử dụng\r\n\r\n+ Hệ thống, xâu chuỗi kiến thức từ lý thuyết đến thực hành, giúp 2K3 hiểu sâu, nhớ lâu vấn đề\r\n\r\n- Bảng ghi nhớ luyện đề thành công:\r\n\r\nSau khi kiểm tra kết quả, các em có thể ghi lại những kiến thức cần ôn tập kỹ lại, tránh lặp lại các lỗi sai trước đó.\r\n\r\n- MINDMAP tổng hợp – Bí kíp bỏ túi:\r\n\r\nGói gọn toàn bộ kiến thức, công thức quan trọng của nội dung thi mỗi môn chỉ trong 1 tờ mindmap – Sơ đồ tư duy khoa học, ngắn gọn, nổi bật, dễ học, “cần là có – khó là mở”.\r\n\r\n4.  Độc quyền: MEGA LIVE Thi thử trực tuyến – Siêu luyện đề online\r\nKhông chỉ tự giải đề trong sách, khi sở hữu Mega 2021 chính hãng, các em còn được cấp mã kích hoạt tài khoản và tham gia luyện đề online cùng hàng ngàn sĩ tử khác tại website megalive.vn:\r\n\r\n- Luyện online nhuần nhuyễn 25 đề thi thử của sách – Nhận ngay kết quả, tổng kết bài thi và điểm số trong quá trình luyện đề\r\n\r\n- Thi thử trực tuyến 10 đề TEST tổng hợp trong giai đoạn nước rút\r\n\r\n- Siêu luyện đề online – Thi đấu có xếp hạng, từ đó đánh giá năng lực bản thân\r\n\r\nHơn cả một bộ sách, Mega 2021 – Siêu luyện đề 9+ THPT Quốc gia chính là giải pháp ôn thi hoàn hảo, toàn diện dành cho mọi sĩ tử. Mega 2021 – Đồng hành 2K3 chinh phục mục tiêu 9+ kỳ thi THPT Quốc gia và cánh cổng Đại học mơ ước!', 'product\\Sách Tiếng Việt\\Chuyên Ngành\\Giáo Dục\\sieu-luyen-de-thpt-quoc-gia-2021-hoa-hoc.jpg', '2002-04-30', 19, 42),
(20001301, 'Ai Là Thầy Thuốc Tốt Nhất Của Bạn? Có Thể Bạn Sẽ Giật Mình Khi Biết Sự Thật', '69000.00', 20001, '“Năm 1948, Tổ chức Y tế Thế giới có định nghĩa: “Sức khỏe là một trạng thái hoàn toàn khỏe mạnh về thể chất, tinh thần và xã hội chứ không chỉ là không có bệnh hoặc ốm yếu”.\r\n\r\nChúng ta ai cũng mong mình có sức khỏe và trong những lời chúc nhau đầu năm, lời chúc sức khỏe luôn là lời chúc đầu tiên.\r\n\r\nKhi bị bệnh tất nhiên chúng ta thường đi gặp bác sỹ. Nhưng câu hỏi đặt ra là chúng ta đã thực sự quý trọng sức khỏe của mình chưa? Và làm thế nào để có sức khỏe tốt, để chúng ta ít phải tới gặp bác sỹ?\r\n\r\nTrong quãng thời gian hơn 20 năm làm bác sỹ, được khám và tư vấn sức khỏe cho nhiều đối tượng: từ người cao tuổi, người khuyết tật, bệnh nhân nằm viện tới những người được coi là “khỏe mạnh”; cùng với khoảng thời gian giảng dạy về Y tế Công cộng đã cho tôi có cái nhìn toàn diện hơn về bệnh tật, phòng bệnh, phục hồi chức năng, về sức khỏe và nâng cao sức khỏe.\r\n\r\nTừ trải nghiệm của bản thân về sức khỏe, từ những quan sát khi hành nghề và từ kiến thức đã tích lũy cũng như tự học, tôi rút ra kết luận: Mỗi người chúng ta chính là thầy thuốc tốt nhất của mình, và tự chăm sóc sức khỏe cho bản thân mình là điều quan trọng nhất.\r\n\r\nVậy làm thế nào chúng ta có thể tự chăm sóc sức khỏe cho mình? Có ba điều nhất thiết phải có là ý thức của bản thân, kiến thức đúng và cam kết thực hiện mỗi ngày.\r\n\r\nCuốn sách nhỏ này có thể là sự khởi đầu, bạn đọc sẽ tìm thấy trong tám phần của cuốn sách là tám “thầy thuốc” giúp ta khỏe mạnh, đó là: 1) dinh dưỡng hợp lý, 2) vận động, 3) nước, 4) ánh nắng mặt trời, 5) điều độ trong sinh hoạt và tiêu thụ, 6) không khí, 7) giấc ngủ và nghỉ ngơi, 8) sự bình an và hạnh phúc. Nói cách khác, tám thầy thuốc này chính là lối sống mang lại sức khỏe mà mỗi chúng ta có thể thực hiện mỗi ngày.\r\n\r\nMỗi suy nghĩ, lời nói và hành động đúng dù nhỏ đến đâu nhưng nếu được thực hành thường xuyên, liên tục thì sẽ mang lại kết quả vô cùng to lớn.\r\n\r\n-- Chia sẻ của bác sĩ Nguyễn Anh Tú, tác giả của cuốn sách Ai Là Thầy Thuốc Tốt Nhất Của Bạn? Có Thể Bạn Sẽ Giật Mình Khi Biết Sự Thật', 'product\\Sách Tiếng Việt\\Chuyên Ngành\\Y Học - Y Khoa\\ai-la-thay-thuoc-tot-nhat-cua-ban.jpg', '2008-04-05', 21, 44),
(20001302, 'BARE - Hành Trình 7 Tuần Thay Đổi Vóc Dáng, Nâng Cấp Bản Thân', '99000.00', 20001, 'BARE - Hành Trình 7 Tuần Thay Đổi Vóc Dáng, Nâng Cấp Bản Thân không phải là cuốn sách viết về một chế độ ăn kiêng cụ thể nào đó - nó viết về hành trình tái thiết cuộc sống thông qua việc tái định vị thái độ của người phụ nữ đối với sức khỏe, hình thể và nhan sắc.\r\n\r\nTrước tiên, BARE phản đối các công thức ăn kiêng nghiêm ngặt và các chế độ tập luyện điên cuồng. Tất cả những gì mà cuốn sách này hướng đến là thuyết phục người phụ nữ trung thực với cảm giác cá nhân, tập trung vào cuộc sống thật với những nền tảng thực tế, củng cố tình yêu và sức mạnh nội tại bên trong mỗi người. Quan trọng nhất, cuốn sách tha thiết mong người phụ nữ ngừng phán xét vóc dáng của bản thân và ngừng cố gắng trở thành một ai đó không phải họ.\r\n\r\nBạn sẽ học được cách đối xử với cơ thể mình bằng sự chăm sóc, yêu thương và tôn trọng.\r\n\r\nBạn sẽ học được cách chấp nhận những đặc trưng của cơ thể mình và ngừng thói phán xét.\r\n\r\nBạn sẽ học cách loại bỏ những định kiến xã hội áp đặt cho nhan sắc người phụ nữ.\r\n\r\nBạn sẽ học được cách thư giãn và vượt qua căng thẳng mà không cần dựa vào đồ ăn, chất kích thích, mạng xã hội hay chi tiền mua sắm.\r\n\r\nBạn sẽ học được cách ngừng bị ám ảnh bởi ngoại hình và tập trung vào những thứ khác có ý nghĩa hơn: như sự nghiệp, sở thích cá nhân, tình yêu và gia đình…\r\n\r\nĐây là cuốn sách nên đọc nếu bạn là người mong muốn chăm sóc cho mình một cách toàn diện cả trên khía cạnh thể chất lẫn tinh thần. Hãy chuẩn bị tinh thần để dẹp bỏ định kiến và thói phán xét, quan trọng nhất – bằng cách gây dựng lòng tự tin, cuốn sách sẽ mang tới nguồn cảm hứng yêu thương mà bất cứ người phụ nữ nào cũng mong muốn dành cho chính bản thân mình.', 'product\\Sách Tiếng Việt\\Chuyên Ngành\\Y Học - Y Khoa\\bare-hanh-trinh-7-tuan-thay-doi-voc-dang.jpg', '2008-04-05', 22, 45),
(20001303, 'Bỏ Đói Ung Thư Đừng Bỏ Đói Mình', '149000.00', 20001, '“Ung thư” cụm từ như cơn ác mộng với những người gặp phải, đồng thời cũng là căn bệnh mà nhiều bác sĩ đầu ngành tại tất cả các bệnh viện dành nhiều tâm sức và cảm thấy khó khăn nhất trong việc đưa ra các pháp đồ điều trị.\r\n\r\nVậy tại sao có một phụ nữ được chuẩn đoán chỉ còn sống 12 tuần nữa với căn bệnh ung thư cổ tử cung đã di căn đến phổi lại có thể sống khỏe mạnh sau 17 năm được đưa ra chuẩn đoán, thậm chí có thể thực hiện được thiên chức làm mẹ?\r\n\r\nBỏ Đói Ung Thư Đừng Bỏ Đói Mình là hành trình của chính tác giả ghi lại trong quá trình tự nghiên cứu và chữa bệnh cho mình bằng các chế độ ăn uống kết hợp cùng với thuốc nhằm “bỏ đói” các tế bào ung tư, tái xây dựng một cơ thể khỏe mạnh.\r\n\r\nCuốn sách Bỏ Đói Ung Thư Đừng Bỏ Đói Mình không phải là cẩm nang chữa bệnh, NHƯNG nó là cuốn sách cần:\r\n\r\n-  Cho những bệnh nhân được chuẩn đoán ung thư: để có một cái nhìn mới, động lực để thoát khỏi bản án tử của căn bệnh quái ác.\r\n\r\n-  Cho những bác sĩ đang nghiên cứu trong lĩnh vực điều trị cho những bệnh nhân ung thư: Có nhiều hiểu biết hơn về bệnh nhân của mình.\r\n\r\nHy vọng khi cầm trên tay cuốn sách Bỏ Đói Ung Thư Đừng Bỏ Đói Mình, bạn có thêm một cách nhìn mới về căn bệnh này cũng như những liệu pháp điều trị để có một thái độ lạc quan hơn ngay cả trong hoàn cảnh tối tăm nhất của cuộc đời.', 'product\\Sách Tiếng Việt\\Chuyên Ngành\\Y Học - Y Khoa\\bo-doi-ung-thu-dung-bo-doi-minh.jpg', '2014-04-03', 15, 46),
(20001304, 'Chữa Bệnh Không Dùng Thuốc', '49000.00', 20001, 'Tài liệu được biên soạn qua những công trình nghiên cứu, thừa kế kinh nghiệm dân gian trong nhiều năm, qua tham khảo “Nam dược thần hiệu” của đại danh y Tuệ Tĩnh, “Y Tông tâm lĩnh” của Hải Thượng Lãn Ông; “Phương pháp dưỡng sinh” của bác sĩ Nguyễn Văn Hưởng; “Rèn luyện thân thể” của bác sĩ Nguyễn Khắc Viện; “Sống lâu tích cực” của viện sĩ A. Mikulin (Liên xô); “Làm thế nào để sống lâu” của bác sĩ I-ôn Boóc-đê-i-a-nu (Rumam); “Tân dưỡng sinh” của G. Oshawa; “Chữa bệnh không dùng thuốc” của bác sĩ Morishita Keiichi (Nhật Bản). Nội dung gồm 2 phần:\r\n\r\n1. Biện pháp cần thiết để tăng cường sức khỏe.\r\n\r\n2. Biện pháp phòng chống một số chứng bệnh thường gặp (mỗi chứng, mỗi bệnh đều có nhiều biện pháp phòng chống để lựa chọn cho phù hợp với phương tiện, điều kiện của từng người).', 'product\\Sách Tiếng Việt\\Chuyên Ngành\\Y Học - Y Khoa\\chua-benh-khong-dung-thuoc.jpg', '2006-04-11', 23, 26),
(20001305, 'Giảm Cân Nửa Thân Dưới - Để Chân Gọn Eo Thon', '79000.00', 20001, 'Giảm Cân Nửa Thân Dưới - Để Chân Gọn Eo Thon là một cuốn sách độc đáo. Nó đem lại một góc nhìn khác biệt, từ cách tiếp cận cho đến phương án giải quyết, đối với một vấn đề luôn khiến nhiều chị em bận tâm: Vẻ đẹp hình thể.\r\n\r\nNhiều người luôn than phiền rằng mình không nặng cân nhưng vẫn không đẹp, “Chỉ có bụng tôi là cứ phệ ra làm người ta tưởng tôi đang mang bầu.” Họ nôn nóng thực hiện các biện pháp giảm cân nhưng kết quả lại không hề như ý, “Phần thân trên của tôi đã gầy đi, mà sao chỉ có chân tôi là béo đến vậy.” Điều đó cho thấy cân nặng không phải là tất cả, vóc dáng mới là điều quan trọng.\r\n\r\nNhận thấy điều ấy, tác giả Hasumi Kanon đã dành một thời gian dài tìm hiểu kỹ lưỡng để sáng tạo ra “Chế độ ăn kiêng Kanon”.  Không cần khổ sở nhịn ăn tinh bột, nhịn ăn chất béo, không cần vất vả tập luyện; chỉ cần ăn uống hợp lý, sinh hoạt điều độ. Kết quả sẽ là thân hình gọn gàng, cân nặng giảm xuống. Điều tuyệt vời hơn nữa là vóc dáng sẽ đẹp hơn ngay cả khi cân nặng chưa bắt đầu thay đổi.\r\n\r\nTác giả Hasumi Kanon là người sáng lập trung tâm làm đẹp Kirei Factory tại Aoyama, Tokyo. Với quan niệm giảm cân không chỉ đơn thuần là giảm trọng lượng mà còn là cải thiện tỷ lệ cơ thể, cô được mệnh danh là Nhà nghiên cứu Vóc dáng. Cô đã miệt mài ghi chép những thông tin về chế độ ăn và sự thay đổi số đo cơ thể của khoảng 4.000 người để đúc rút “Chế độ ăn kiêng Kanon”.\r\n\r\nTất cả các khách hàng của Hasumi Kanon, cũng như chính bản thân cô, là bằng chứng sống cho hiệu quả của “Chế độ ăn kiêng Kanon”. Vòng eo của cô đã giảm 5 cm, vòng ngực tăng từ cup B thành cup E trong khi cân nặng không hề thay đổi. Kiên trì thực hiện, cô đã giữ gìn được vóc dáng ấy trong suốt 20 năm.\r\n\r\nMột phương pháp đem lại hiệu quả lâu dài đến vậy giờ đây đã có sẵn trong một cuốn sách nằm ngay trong tầm với của bạn.\r\n\r\nThông tin tác giả\r\n\r\nHasumi Kanon là người sáng lập trung tâm làm đẹp Kirei Factory tại Aoyama, Tokyo. Với quan niệm giảm cân không chỉ đơn giản là giảm trọng lượng mà còn là cải thiện tỷ lệ cơ thể, cô được mệnh danh là Nhà nghiên cứu Vóc dáng. Cô đã miệt mài ghi chép những thông tin về chế độ ăn và sự thay đổi số đo cơ thể của khoảng 4.000 người để đúc rút “Chế độ ăn kiêng Kanon”. Bản thân cô cũng áp dụng phương pháp này, vòng eo của cô đã giảm 5 cm, vòng ngực tăng từ cup B thành cup E trong khi cân nặng không hề thay đổi. Thành quả ấy đã được cô giữ gìn trong suốt 20 năm.', 'product\\Sách Tiếng Việt\\Chuyên Ngành\\Y Học - Y Khoa\\giam-can-nua-than-duoi-de-chan-gon-eo-thon.jpg', '2011-04-16', 17, 48),
(20001306, 'Hoang Mang - Chỉ Dẫn Của Bác Sĩ Để Hiểu Rõ Đúng Sai', '179000.00', 20001, 'Ngày nay có quá nhiều thông tin, với nội dung chưa kiểm chứng được tung ra mỗi ngày: những bài báo với tiêu đề bảo chúng ta phải làm điều này và không làm điều kia, tất cả để sống lâu hơn, khỏe hơn, thon gọn và tươi trẻ.\r\n\r\nVới Nhiễu, bác sĩ Nina Shapiro sẽ chỉ ra cách giúp mọi người phân biệt được giữa những sự lừa đảo và những thông tin chân thực dựa trên bằng chứng. Với hơn 20 năm kinh nghiệm lâm sàng và nghiên cứu tại Harvard và UCLA, bà đã giúp đỡ vô số người bệnh đưa ra những quyết định quan trọng mỗi ngày. Và bà mang chính những bài học đó, cùng với các dẫn chứng khoa học và những câu chuyện rất thật để nói về định nghĩa hiện đại về “cuộc sống lành mạnh”.\r\n\r\nBạn sẽ phải ngạc nhiên với những xu hướng thay đổi trong định nghĩa về “lành mạnh”. Vào thập niên 70 của thế kỷ trước, người ta đột nhiên chuyển cách gọi mỳ Ý từ spaghetti sang pasta. Bằng cách nào đó điều này mang đến cảm giác có lợi cho sức khỏe hơn, nên chúng ta ăn mỳ Ý nhiều hơn. Khi mà bánh bông lan làm từ ngũ cốc nguyên cám (với nguyên 500 ca-lo) trở thành thực phẩm có lợi cho sức khỏe cùng với hỗn hợp ngũ cốc granola, một số người liền ăn món này nhiều hơn. Sau đó là cơn sốt ăn kiêng ít chất béo, ít đường, không đường, không thêm đường, không chất béo, ít ca-lo. Nước uống giờ đây cũng được thêm đủ thứ nhãn dán như hữu cơ, tự nhiên, không đường, giàu dinh dưỡng, không chứa sinh vật biến đổi gen (dù bạn nên biết rằng một chút biến đổi gen có thể sẽ có lợi cho bạn, và bạn sẽ sớm phát hiện ra điều đó).\r\n\r\nNgoài thực phẩm, quan niệm về sức khỏe tiếp tục thay đổi theo những chiều hướng thú vị. Vì  lý do nào đó, ai cũng muốn sống tới năm 150 tuổi. Một ngày nào đó, một vài người có lẽ sẽ làm được điều này. Thử nghiệm và điều chỉnh bộ mã di truyền có thể giúp chúng ta sống lâu hơn, đánh giá nguy cơ mắc bệnh và phòng ngừa bệnh lâu dài. Rất nhiều người luôn cố gắng làm mọi thứ đúng cách: Liệu có nên uống một viên aspirin mỗi ngày không? Bắt đầu từ bao giờ? Nên sử dụng liệu pháp nội tiết thay thế hay không? Có nên sử dụng statin để phòng ngừa trụy tim hay không? Có nên dùng chế phẩm bổ sung vitamin hay không và nếu có thì loại nào? B12 cung cấp năng lượng cho bạn. Nó cũng khiến bạn mọc mụn. Vitamin E phòng chống ung thư nhưng cũng có thể gây ung thư. Tập thể dục tốt nhưng loại hình nào là tốt nhất? Và tập bao nhiêu là quá nhiều, khi giá phải trả là những chấn thương khớp, những cơn đau mạn tính và thậm chí là những vấn đề về thận và tim mạch?\r\n\r\nMục đích của cuốn sách Hoang Mang - Chỉ Dẫn Của Bác Sĩ Để Hiểu Rõ Đúng Sai là cung cấp cho độc giả sự thật về những lời khuyên sức khỏe thường gặp và đưa ra hướng dẫn cẩn thận, đáng tin cậy về việc trở thành người sử dụng dịch vụ sức khỏe và người bệnh thông minh. Nội dung cuốn sách đề cập đến nhiều vấn đề, bắt đầu với những thuyết âm mưu ở khắp nơi trong cộng đồng y tế và những khái niệm quan trọng cần hiểu như kiểm soát rủi ro, quan hệ nhân quả với tương quan, và thế nào là  nghiên cứu được thiết kế tốt và có thể tái áp dụng. Sau đó, tác giả sẽ chuyển sang trả lời những câu hỏi làm tâm trí mọi người ngày nay nhức nhối như: Có hay không một chế độ ăn tốt nhất được khoa học kiểm chứng? Gluten có tệ đến mức vậy hay không? Việc thải độc có độc hại không? Đường có nuôi dưỡng các tế bào ung thư không? Khi nào thì hữu cơ trở thành “thái quá”?\r\n\r\nCuốn sách sẽ giới thiệu cho người đọc về liệu pháp bổ sung, để thấy rằng khi nào thì nó hiệu quả và cách thức ra sao. Tác giả cũng nói về các rủi ro của vắc xin, chế phẩm bổ sung cho vi lượng đồng căn và liệu các phương phép xét nghiệm như chụp nhũ ảnh, soi ruột kết và sàng lọc DNA có được đồn thổi quá mức hay không. Một số thói quen phổ biến mà người ta vẫn giữ (hoặc muốn giữ) mà có thể để lại những hậu quả không mong muốn cũng sẽ được nhắc đến.\r\n\r\nKhông chỉ có thế, tác giả cũng đưa ra các giari pháp đơn giản mà bất cứ ai cũng có thể thực hiện, như bớt suy nghĩ về việc phải mua thực phẩm gắn nhãn “hữu cơ” hay “tự nhiên”, và thay vào đó là những vấn đề nghiêm trọng hơn như không tiêm vắc-xin, các sản phẩm hỗ trợ giảm cân và quảng cáo chế độ ăn chữa ung thư không cần điều trị. Và điều tuyệt vời nhất là cuốn sách dành cho tất cả mọi người, không chỉ những thanh niên đang ở độ tuổi dồi dào nhất về sức khỏe, mà cả người già và trẻ em.\r\n\r\nTối ưu sức khỏe dễ đạt được hơn mọi người nghĩ. Đây có thể không phải mục tiêu cố định, nhưng không có nghĩa là không thể tận hưởng quá trình đạt được nó.\r\n\r\nThông tin tác giả\r\n\r\nBs. Nina Shapiro\r\n\r\nTốt nghiệp Đại học Y Harvard. Hiện bà là trưởng khoa Tai, Mũi, Họng Nhi Khoa tại Bệnh viện Nhi Mattel Children\'s Hospital UCLA, và là Giảng viên Khoa ngoại Đầu và Cổ Đại học David Geffen tại UCLA. Với hơn 20 năm kinh nghiệm lâm sàng và nghiên cứu y khoa, bà là chuyên gia được nhiều phụ huynh cũng như truyền thông đặt niềm tin khi cần làm rõ những thông tin sức khỏe mới nhất.\r\n\r\nVới phong cách chia sẻ nghiêm túc và dứt khoát, cuốn sách Hype được độc giả khắp nơi đón nhận, và được Tuần báo Publisher’s Weekly trao giải Cuốn sách Hay nhất năm 2018 cho hạng mục Sách Lối sống.\r\n\r\nKristin Loberg\r\n\r\nBà là cây bút chuyên nghiệp với khả năng lấy những kiến thức và ý tưởng của các chuyên gia và truyền tải chúng đến độc giả bằng ngôn ngữ thân thiện và dễ hiểu đối với mọi người. Các cuốn sách mà bà từng tham gia chắp bút đều nằm trong danh mục những cuốn sách bán chạy theo đánh giá của tờ New York Times, Wall Street, Amazon, trong đó ngoài Hype của bác sĩ Nina Shapiro còn có Brain Maker và Brain Wash.', 'product\\Sách Tiếng Việt\\Chuyên Ngành\\Y Học - Y Khoa\\hoang-mang-chi-dan-cua-bac-si-de-hieu-ro-dung-sai.jpg', '2012-04-30', 22, 49),
(20001307, 'Hỏi Đáp Về Thực Dưỡng - Ăn Uống Hợp Lý Để Phòng Và Trị Bệnh', '42000.00', 20001, 'Cuốn sách nhỏ Hỏi Đáp Về Thực Dưỡng - Ăn Uống Hợp Lý Để Phòng Và Trị Bệnh giới thiệu một phương pháp chỉ dùng thức ăn thiên nhiên để bảo vệ, tăng cường sức khỏe và phòng chữa bệnh tật mà không dùng thuốc.\r\n\r\nKhông dùng thuốc, không phải vì thiếu thuốc hoặc không có thuốc, càng không phải là điều kiện này nọ.... không có được những biện pháp, những trang thiết bị tối tân, tinh vi mà phải dùng lại một phương pháp xa xưa, bị người này xem nhẹ, coi thường là thô thiển, cổ hủ.\r\n\r\nKhông, đây là một phương pháp theo quy luật sinh tồn của vạn vật, trong đó có người, một nguyên lý Âm Dương, điều hòa cơ thể, một nguyên lý của mọi nguyên lý, một phương pháp bắt nguồn cho mọi phương pháp. Nó bao trùm khắp nơi, tùy theo từng dân tộc, tập quán, tùy xứ sở, thổ ngơi mà vận dụng cho phù hợp. Có nơi dùng cốc loại, thực vật làm thức ăn chính như Việt Nam và nhiều đất nước thuộc vùng nhiệt đới. Có nơi, thức ăn chính lại dùng động vật như những thổ dân Éc-ki-mô (Esquimaux) ở miền Bắc Cực, Châu Mỹ...', 'product\\Sách Tiếng Việt\\Chuyên Ngành\\Y Học - Y Khoa\\hoi-dap-ve-thuc-duong.jpg', '2002-04-30', 23, 26),
(20001308, 'Mỗi Tháng 1 Thử Thách, 1 Năm Sống Khỏe Mạnh', '111000.00', 20001, 'Trong vòng xoay hối hả và bận rộn của cuộc sống hiện nay, khi tình hình dịch bệnh vẫn đang có diễn biến phức tạp, đôi lúc mọi người lãng quên đi việc chăm sóc sức khỏe của chính bản thân mình. Những thói quen không tốt trong nếp sinh hoạt hằng ngày đó sẽ dẫn tới việc sức khỏe của bạn dần trở nên xấu đi và gây ra nhiều tác động tiêu cực đến cuộc sống của bạn.\r\n\r\nĐể cải thiện được những thói quen đó, Mỗi tháng một thử thách - Một năm sống khỏe mạnh sẽ là một cuốn cẩm nang hữu ích đồng hành cùng bạn, giúp bạn cải thiện được sức khỏe của bản thân, biến chúng thành một lịch trình cụ thể và tạo nên một lối sống tích cực. Bằng cách trình bày khoa học cùng các khung thời gian hợp lý, 12 thử thách trong một năm sẽ là những trải nghiệm và là một cơ hội tuyệt vời để bạn hiểu được tầm quan trọng của việc tự chăm sóc sức khỏe bản thân.', 'product\\Sách Tiếng Việt\\Chuyên Ngành\\Y Học - Y Khoa\\moi-thang-1-thu-thach-1-nam-song-khoe-manh.jpg', '2013-04-09', 15, 51),
(20001309, 'Hiểu Và Ứng Dụng Nhanh - Phương Pháp Thư Giãn', '55000.00', 20001, 'Tất cả chúng ta cần một chút bình yên trong cuộc sống. Không có bất kỳ lời giải thích dài dòng hay hướng dẫn phức tạp nào, trong Phương Pháp Thư Giãn, Tiến sĩ Sarah Brewer sẽ hướng dẫn cách nhận biết các biểu hiện và ảnh hưởng của căng thẳng lên cơ thể và tâm trí. Được rút ra từ các phương pháp truyền thống của cả phương Đông và phương Tây, các bài tập (bao gồm câu thần chú đơn giản nhẹ nhàng, hướng dẫn trực quan sinh động, kỹ thuật thở...) sẽ chỉ cho bạn cách đem thư giãn vào thực tế để giảm căng thẳng ngay lập tức, mà không cần thay đổi quá nhiều lối sống hiện tại của bạn.', 'product\\Sách Tiếng Việt\\Chuyên Ngành\\Y Học - Y Khoa', '2021-04-08', 23, 52),
(20001310, 'Tự Chữa Những Bệnh Mà Bạn Muốn Giấu', '58000.00', 20001, '\r\nThông thường, khi đau bệnh, bạn sẽ đi khám bệnh và điều trị theo chỉ dẫn của thầy thuốc. Cẩn thận hơn, bạn kê rõ bệnh trạng của mình cho nhiều người biết, để nhờ họ mách cho thầy nào giỏi, thuốc nào hay mà tìm đến.\r\n\r\nNhưng củng có trường hợp bản thân bạn, con cái của bạn hay người thân trong nhà mắc phải một chứng bệnh nào đó mà bạn muốn giấu, không cho người ngoài biết, và bạn muốn tự chữa khỏi bệnh, không phải nhờ đến thầy thuốc, nhờ đến bệnh viện, trạm xá... Làm như vậy, không phải do bạn thiếu tinh thần khoa học, thiếu tin tưởng vào khả năng điều trị của các cơ sở y tế. Cũng không phải do bạn thiếu tiền, thiếu thời gian, phương tiện để tìm thầy tìm thuốc. Bạn chỉ ngại ngùng, e dè vì một lý do tế nhị về mặt tâm lý, xã hội chẳng hạn... Song cuốn sách này không nhằm phân tích các lý do đó. Chúng tôi chỉ muốn giúp bạn toại nguyện, bởi vì dù gì đi nữa, những bệnh mà bạn muốn giấu vẫn rất cần được điều trị kịp thời; nếu không, bệnh có thể tiến triển xấu, gây tác hại khó lường về sau.', 'product\\Sách Tiếng Việt\\Chuyên Ngành\\Y Học - Y Khoa\\tu-chua-nhung-benh-ma-ban-muon-giau.jpg', '2012-04-05', 23, 53),
(20001311, 'Uống Tươi Xanh, Sống Khỏe Mạnh', '129000.00', 20001, 'Bạn có biết: 95% những người giảm cân sẽ quay trở lại cân nặng ban đầu sau 3 - 5 năm?\r\n\r\nHiệu quả giảm cân sẽ không được duy trì vĩnh viễn nếu các hệ thống trong cơ thể hoạt động chậm chạp hoặc bị ảnh hưởng bởi chất thải hay chất độc tồn đọng trong cơ thể.\r\n\r\nCó nhiều nguyên nhân làm tăng cân, và một trong những nguyên nhân bị bỏ qua nhiều nhất là dư thừa chất độc trong cơ thể. Khi cơ thể chứa quá nhiều chất độc, nó sẽ chuyển năng lượng dùng để đốt cháy calo sang làm việc nhiều hơn là thải độc cơ thể. Nói cách khác, cơ thể không còn năng lượng để đốt cháy calo. Tuy nhiên, khi cơ thể đang làm công tác thải độc hiệu quả thì năng lượng có thể được sử dụng để đốt cháy chất béo.\r\n\r\nCác chế độ ăn kiêng truyền thống thường không hiệu quả vì chúng không giải quyết được chất thải độc hại trong cơ thể. Việc tính lượng calo hấp thụ không có tác dụng thải độc và làm sạch cơ thể. Muốn giảm cân, đầu tiên bạn phải thải độc cho cơ thể để đảm bảo việc chuyển hóa thức ăn bạn nạp vào được thực hiện một cách tốt nhất mà không để lại chất thải dư thừa, dẫn đến tăng cân.\r\n\r\nVới hơn 100 công thức sinh tố xanh đơn giản, dễ thực hiện, Uống Tươi Xanh, Sống Khỏe Mạnh tăng cường năng lượng, giảm cảm giác thèm ăn và cải thiện tổng thể tình trạng sức khỏe. Bạn sẽ thải độc cơ thể thông qua việc loại bỏ một số loại thực phẩm nhất định ra khỏi thực đơn của mình trong mười ngày và thiết lập lại vị giác của mình để hướng đến những món ăn lành mạnh, giàu chất dinh dưỡng, từ đó hình thành lối sống lành mạnh, tươi trẻ hơn.\r\n\r\nThông tin tác giả\r\n\r\nJJ Smith là chuyên gia dinh dưỡng và chuyên gia giảm cân được chứng nhận, đồng thời là một diễn giả truyền cảm hứng. Bà đã được giới thiệu trên các chương trình như The Steve Harvey Show, The Montel Williams Show, The Jamie Foxx Show và The Michael Baisden Show cùng các đài truyền hình như NBC, FOX, CBS và CW Network…', 'product\\Sách Tiếng Việt\\Chuyên Ngành\\Y Học - Y Khoa\\uong-tuoi-xanh-song-khoe-manh.jpg', '2006-04-19', 15, 54),
(20002101, '30 Ngày Biết Đệm Guitar', '98000.00', 20002, 'Valse – Boston\r\n\r\nCha cha cha – Boléro\r\n\r\nTango – Rumba – Bossa Nova\r\n\r\n30 Ngày Biết Đệm Guitar gồm những bài học cơ bản sẽ hướng dẫn cho chúng ta cách đệm và đệm tốt cây đàn guitar. Sách như người thầy dành cho những người lần đầu làm quen và tự học đệm nhạc bằng đàn, qua các bước đơn giản như: Nắm chắc một số kiến thức âm nhạc để đọc bản nhạc; Tập bấm và chuyển linh hoạt các hợp âm; Luyện tập nhuần nhuyễn các âm hình đệm và cuối cùng là thực hành đệm tốt từng ca khúc để giúp các bạn hình dung ra hòa âm của mỗi bài đệm.\r\nVới 30 bài học được biên soạn theo trình độ tăng dần từ dễ đến khó tương ứng với 30 ngày luyện tập, cuốn sách từng bước hướng dẫn các bạn đệm hát những ca khúc quen thuộc, được nhiều người yêu mến. Việc đệm đàn và hát mẫu 21 ca khúc trong CD là những minh họa cụ thể nhất giúp bạn luyện tập hiệu quả.\r\n\r\n-  Phương pháp trình bày khoa học, dễ hiểu\r\n\r\n-  Học bấm hợp âm qua hình chụp', 'product\\Sách Tiếng Việt\\Kiến Trúc - Hội Họa - Điện Ảnh\\Sân Khấu - Điện Ảnh - Âm Nhạc\\30-ngay-biet-dem-guitar.jpg', '2008-04-05', 17, 55),
(20002102, 'Con Đường Gai Nhọn - Tuyển Tập Kịch Bản Phim Truyện Điện Ảnh & Truyền Hình - Tập 1', '190000.00', 20002, 'Nhà biên kịch Phạm Thùy Nhân kể lại con đường chông gai của cuộc đời mình từ khi bắt đầu là chàng sinh viên Viện ĐH Đà Lạt đến khi trở thành tác giả kịch bản nổi tiếng trong cuốn sách có tên Con Đường Gai Nhọn (NXB Văn hóa - Văn nghệ ấn hành tháng 9-2020). Có thể xem đây như mảng hồi ký về con đường văn nghiệp của Phạm Thùy Nhân nhưng được tác giả chắt lọc với ý đồ đúc kết trải nghiệm vừa mang tính nhân quả vừa cho thấy như số phận ông đã được an bài.\r\n\r\nNhà phê bình điện ảnh Sâm Thương từng viết: \"Với niềm say mê lạ lùng - và hình như còn là nghiệp dĩ - Phạm Thùy Nhân lăn xả vào trang giấy một cách không đắn đo, không tính toán trước bao nhiêu cản ngại, khó khăn đặt ra bởi xã hội, bởi định chế cho mỗi tác phẩm của anh. Và qua những bộ phim được thực hiện bởi chính những kịch bản này, chúng ta phần nào thấy được cái thế giới và những vấn đề anh đặt ra, những thông điệp mà anh muốn gửi đến người xem. Trong cảm nhận đó, theo tôi, những kịch bản điện ảnh mà Phạm Thùy Nhân đã viết luôn phản ánh sự trung thực của chính tác giả muốn đưa chúng ta ra khỏi những tình cảm, những cảm giác buồn tẻ để đến với những tư duy sâu sắc hơn về ý nghĩa cuộc sống, về thân phận con người và giá trị của con người trong cộng đồng mà anh đang sống, đã trải qua...\".', 'product\\Sách Tiếng Việt\\Kiến Trúc - Hội Họa - Điện Ảnh\\Sân Khấu - Điện Ảnh - Âm Nhạc\\con-duong-gai-nhon-tap-1.jpg', '2008-04-05', 25, 56),
(20002103, 'Film Book: Khi Chúng Ta Là Nhân Vật Chính', '129000.00', 20002, 'Film Book: Khi Chúng Ta Là Nhân Vật Chính\r\n\r\nFilm Book: Khi Chúng Ta Là Nhân Vật Chính của Bùi Dũng là một cuốn sách kỳ lạ. Không phải ngẫu nhiên mà có đến gần 20 người nổi tiếng cùng đọc và dành cơn mưa lời khen đến cuốn sách này.\r\n\r\nMột cuốn sách viết về phim có gì thu hút đến vậy?\r\n\r\nVới 3 phần chính Cảm hứng sống, Cảm hứng yêu, Cảm hứng nghề nghiệp, cùng 1 phần mở rộng Mở cửa điện ảnh – Bước ra thế giới và các phụ chương xem phim theo mùa, gợi ý nhỏ về các bộ phim lớn, Film Book hệt như một CUỐN CẨM NANG phim dành cho tất cả mọi người – nơi mà chỉ cần mở sách ra, chắc chắn bạn sẽ chọn được cho mình một bộ phim phù hợp.\r\n\r\nVới Film Book: Khi Chúng Ta Là Nhân Vật Chính, bạn có thể tìm thấy trang viết vừa nồng nhiệt, vừa tỉnh táo về gần 60 bộ phim bao trùm lên mọi thể loại - từ những bộ phim đang cực hot đến các tác phẩm điện ảnh kinh điển, từ những bộ phim yêu đương lãng mạn đến những bộ phim tâm lý “nặng ký” có thể khiến bạn ám ảnh không ngừng… Tất cả, được Bùi Dũng “chắt chiu và nghiêm cẩn”, bằng tất cả sự quan sát và chiêm nghiệm của bản thân, để giúp người đọc trong hành trình mở cánh cửa bước vào thánh đường điện ảnh.\r\n\r\nĐọc những gì Bùi Dũng viết, chính là bạn đang thấy một góc nhìn lạ, tiếp cận một ý tưởng lạ về một bộ phim tưởng chừng quen thuộc. Hay nói như nhạc sĩ Dương Thụ: “Những gì trong Dũng được đánh thức, được nhìn ra, sự cộng hưởng và phát lộ những cảm xúc từ phim, nhờ phim đều được Dũng chia sẻ chân tình. Những chia sẻ rất cá nhân cộng với vốn hiểu biết phong phú về phim mà anh đã dày công thu nhận là một quà tặng quý báu chonhững ai mê phim, hoặc mới bắt đầu bước vào thế giới đầy mê hoặc của nghệ thuật thứ bảy.”\r\n\r\nKhông chỉ gây thú vị về nội dung, Film Book: Khi Chúng Ta Là Nhân Vật Chính còn khiến bạn đặc biệt tò mò bởi đây là CUỐN SÁCH TƯƠNG TÁC NGHỆ THUẬT ĐẦU TIÊN tại Việt Nam – Một cuốn sách không - chỉ - để - đọc, mà còn có thể thỏa sức tô màu sáng tạo, đồng thời, với sự kết hợp công nghệ thực tế ảo (AR), cuốn sách đặc biệt này còn cho bạn trải nghiệm về việc… XEM PHIM ngay trên sách.\r\n\r\nQuyết định mở từng trang Film Book, tức là bạn đã quyết định bước vào một thế giới diệu kỳ đa sắc với biết bao nhiêu tác phẩm điện ảnh đa dạng trải khắp từ Tây sang Đông, và chia sẻ quan điểm cùng tác giả qua gần 60 bài bình luận kỳ công. Cầm cuốn Film Book trên tay, bạn sẽ không phải đọc những ý tưởng khô khan trên trang giấy dày đặc chữ nữa. Thay vào đó, những con chữ, những hình ảnh sống động sẽ nhảy múa ngay trước mắt bạn.\r\n\r\nVà từ đó, cánh cửa điện ảnh mở ra.', 'product\\Sách Tiếng Việt\\Kiến Trúc - Hội Họa - Điện Ảnh\\Sân Khấu - Điện Ảnh - Âm Nhạc\\film-book-khi-chung-ta-la-nhan-vat-chinh.jpg', '2014-04-03', 22, 57);
INSERT INTO `sach` (`IdSach`, `TenSach`, `DonGia`, `IdTheLoai`, `NoiDung`, `HinhAnh`, `NgayXB`, `IdNXB`, `IdTacGia`) VALUES
(20002104, 'Phương Pháp Phê Bình Điện Ảnh', '89000.00', 20002, 'Quyển sách Phương Pháp Phê Bình Điện Ảnh của tác giả Trần Luân Kim đã đạt giải Nhì Giải thưởng Văn học Nghệ thuật Thành phố Hồ Chí Minh 2012 – 2017, gồm 4 phần: Chế tác phim truyện - Sơ thuật mấy vấn đề cơ bản; Phê bình phim truyện - Phương pháp và nội dung; Thực hành phê bình phim; Những bài phê bình phim.\r\n\r\n------\r\n\r\nLà nghệ thuật tổng hợp nhiều cấp độ, nội hàm ĐIỆN ẢNH bao chứa các nội dung hoạt động với nhiều chuyên ngành khác biệt nhau. Trong đó, mỗi hoạt động hoặc mỗi chuyên ngành  đều dung nạp khối lượng lớn kiến thức cùng hệ thống thủ pháp và kỹ năng thể hiện nghệ thuật hết sức phong phú, đa dạng. Lĩnh vực LÝ LUẬN - PHÊ BÌNH ĐIỆN ẢNH, vì thế cũng trở nên đặc biệt rộng lớn và phức tạp.\r\n\r\nCon đường tiếp cận, nghiên cứu điện ảnh thông qua lý luận - phê bình là con đường dài nhiều chặng, xuyên suốt các lĩnh vực hoạt động tổng hợp của điện ảnh; từ các yếu tố liên quan đến văn học, nghệ thuật tạo hình, dàn dựng cảnh, xử lý không gian thời gian, chọn lọc âm thanh, nghệ thuật diễn xuất... đến các vấn đề thuộc về tài chính, thương mại, cùng các lĩnh vực khác như vật liệu ghi hình, kỹ thuật tiền kỳ, hậu kỳ, phương thức quảng bá, v.v... Riêng lĩnh vực nghệ thuật, để nghiên cứu thấu suốt nghệ thuật điện ảnh, người ta không thể không đề cập tới hàng loạt vấn đề liên quan trực tiếp như mỹ học điện ảnh, tâm lý điện ảnh, ký hiệu điện ảnh, lịch sử điện ảnh, xã hội học điện ảnh,... Phạm vi rộng lớn của nội hàm điện ảnh đặt công tác lý luận phê bình điện ảnh vào một vị thế vừa chông chênh khó nhọc, vừa tinh vi lý thú.\r\n\r\nLý luận điện ảnh và phê bình điện ảnh là hai phạm trù gắn kết, hỗ trợ nhau chặt chẽ, không thể tách rời. Chính vì vậy, trước khi đề cập sâu lĩnh vực phê bình điện ảnh, thiết tưởng, tìm hiểu một số vấn đề lý luận cơ bản về nghệ thuật điện ảnh có mối liên quan trực tiếp đến phương pháp phê bình điện ảnh, là việc cần thiết.\r\n\r\nTác phẩm điện ảnh (rộng hơn là tác phẩm nghe - nhìn) tác động trực tiếp đến quảng đại công chúng, do đó lý luận điện ảnh có mối tương quan mật thiết với tiến trình phát triển xã hội. Sự đa dạng, phức tạp của xã hội, vì thế cũng in dấu đậm nét lên sự đa dạng, phức tạp của lý luận điện ảnh. Hoàn cảnh và các điều kiện khác nhau của xã hội quyết định đặc trưng cơ bản của lý luận điện ảnh. Lý luận điện ảnh phụ thuộc vào hình tượng điện ảnh, và hình tượng điện ảnh cũng đồng thời chịu sự chi phối sâu sắc của xã hội, tác động trực tiếp và mạnh mẽ đến nhận thức xã hội, tạo nên nguồn tác động hữu ích hai chiều. Từ đó có thể xác định rằng, lý luận điện ảnh là môi giới tích cực giữa hình tượng điện ảnh với xã hội. Cũng có thể nói khác: hình tượng điện ảnh là chốn ký thác tinh thần và tình cảm của các cá thể trong xã hội; qua đó mà thấu hiểu mình thông qua việc tham chiếu hình tượng điện ảnh.\r\n\r\nHình tượng điện ảnh là những mảnh vụn được kết nối từ lịch sử  lịch sử của quá khứ và hiện tại.  Chúng được ghép lại, qua lý luận phê bình điện ảnh, giúp ta nhận diện một phần lịch sử. Lý luận điện ảnh giải phẫu hình tượng điện ảnh, và góp phần kích thích lịch sử phát triển. Khi một hình tượng điện ảnh được đông đảo công chúng hoan nghênh, chứng tỏ nó đã làm tròn nhiệm vụ phản ánh một tâm lý xã hội tương đối phổ biến nào đó. Thông qua phân tích hình tượng, người ta có thể phát hiện và lý giải những mạch tâm lý ẩn chìm, và từ đó có thể cảm nhận nhịp đập của xã hội.\r\n\r\nLý luận điện ảnh đóng vai trò trọng yếu trong việc giải mã những ẩn tàng của nghệ thuật biểu đạt điện ảnh. Nghệ thuật điện ảnh thông qua hư cấu, tạo ra những dạng thái và hình tượng xã hội; được lý luận điện ảnh soi chiếu, phản ánh.\r\n\r\nLý luận - Phê bình điện ảnh là cây cầu, nối liền nghệ thuật điện ảnh với công chúng và xã hội. Vai trò quan trọng của lý luận điện ảnh là hướng đạo sự xuất hiện các hình tượng khác nhau; đồng thời luận giải xác đáng các hình tượng đó trước công chúng.\r\n\r\nGiới  lý  luận  điện  ảnh  phân  chia  nội  hàm  lý  luận điện ảnh ra hai mảng chính: lý luận truyền thống và lý luận hiện đại. Lý luận điện ảnh truyền thống lấy phân tích tinh thần và phê bình hình thái ý thức làm trụ cột. Nó chủ yếu đề cập đến tác giả, tính hiện thực, tính giáo dục và tính thẩm mỹ. Lý luận điện ảnh hiện đại chủ yếu sử dụng hệ thống lý luận về ký hiệu học, về phân tích tinh thần, phê bình hình thái ý thức, chủ nghĩa nữ quyền và chủ nghĩa hậu hiện đại... Lý luận điện ảnh hiện đại khởi phát cuộc cải cách phương pháp tư duy, quan sát điện ảnh từ góc độ ký hiệu học.  Dòng lý luận này tuy chưa hoàn thiện, song về bản chất, mang tính phê phán và cải cách rất đậm nét. Nó đào sâu các vấn đề về bản tính điện ảnh cùng mối quan hệ giữa điện ảnh với xã hội, làm thay đổi quan niệm truyền thống về bản chất của mối quan hệ giữa nghệ thuật điện ảnh với hiện thực đời sống. Cả hai, lý luận điện ảnh hiện đại và lý luận điện ảnh truyền thống đều cùng song hành tồn tại, hình thành một cấu trúc lý luận tổng hợp. Tuy cả hai không thể hòa vào nhau thành một thể hệ lý luận thống nhất và hoàn chỉnh; song chúng có thể tham chiếu nhau, tạo ra mối quan hệ đa chiều; cung cấp cho xã hội nhiều khả năng lưa chọn, giúp lý giải điện ảnh từ nhiều góc độ phong phú khác nhau.\r\n\r\nỞ Việt Nam, lý luận điện ảnh tiến bước chậm trễ. Mặc dù nền điện ảnh dân tộc đã hình thành và phát triển, cho đến nay đã ngót 60 năm, vẫn chưa xây dựng được hệ thống lý luận riêng. Trong nhiều năm, hoạt động điện ảnh Việt Nam phát triển chủ yếu dựa vào đường lối văn nghệ của đất nước cùng hệ thống lý luận chuyên ngành chủ yếu đến từ Liên Xô. Lý luận điện ảnh Việt Nam, như vậy, cũng chưa xây dựng được cơ sở lý thuyết cơ bản, ngay cả ở lĩnh vực thông dụng nhất là nghệ thuật chế tác phim. Trong hoàn cảnh đó, khi một phần lý luận điện ảnh hiện đại từ bên ngoài thâm nhập vào, điện ảnh Việt Nam chưa sẵn sàng điều kiện để tiếp thu chủ động và có chọn lọc. Quan niệm chi phối lâu nay ở ta coi điện ảnh là công cụ nhằm đạt tới các mục tiêu về đạo đức chính trị xã hội; đòi hỏi điện ảnh phải hàm chứa tính xã hội nổi bật, trên thực tế hình thành lý luận điện ảnh và xã hội. Trong điều kiện đó, tính thương mại đơn thuần trong điện ảnh không được khuyến khích, mà đòi hỏi yếu tố thương mại cũng phải phục vụ các mục tiêu lành mạnh của xã hội. Hiện nay, chúng ta cần từng bước hình thành cơ sở lý luận cơ bản cho nền điện ảnh dân tộc. Cần kết hợp lý luận điện ảnh truyền thống với lý luận điện ảnh hiện đại; vận dụng phù hợp với hoạt động thực tiễn; đồng thời đáp ứng tích cực nhu cầu phát triển của điện ảnh nước nhà trong tương lai gần và xa. Theo các bài viết giới thiệu phê bình phim đã được đăng tải trên các phương tiện đại chúng thời gian qua, có thể thấy, đặc điểm phương pháp lý luận của số đông tác giả là không thâm nhập sâu vào cấu trúc mỹ học của bộ phim, mà chỉ dừng sự quan tâm ở nội dung cũng như giá trị, khía cạnh văn học - xã hội của tác phẩm đó. Nhiều tác giả đã chú trọng phân tích hình thái ý thức của tác giả phim và tác phẩm. Và khi phân tích hình thái ý thức thì nhiều tác giả có xu hướng đi sâu vào mối quan hệ giữa dục vọng con người với quy phạm xã hội. Do tồn tại hiện tượng thiên lệch trong phân tích, không lấy ngôn ngữ biểu hiện làm trung tâm, nên phần lớn các bài phê bình phim chưa thực sự đụng chạm đến những vấn đề bản chất của nghệ thuật điện ảnh.', 'product\\Sách Tiếng Việt\\Kiến Trúc - Hội Họa - Điện Ảnh\\Sân Khấu - Điện Ảnh - Âm Nhạc\\phuong-phap-phe-binh-dien-anh.jpg', '2006-04-11', 25, 58),
(20002201, 'Tuyển Tập Ca Khúc Trần Hữu Bích Với 50 Nhạc Phẩm Đặc Sắc', '30000.00', 20002, '﻿Âm nhạc Việt Nam là một phần không thể thiếu trong cuộc sống của người Việt. Và cũng từ rất lâu, thế giới đã từng ngất ngây với những cung bậc âm thanh qua những nhạc cụ dân tộc độc nhất vô nhị như đàn bầu, sáo trúc, đàn nguyệt...\r\n\r\nNhưng có một thực tế đáng buồn là người nghe nhạc lại chú trọng đến ca sĩ nhiều hơn nhạc sĩ, đôi lúc người ta có thể nghêu ngao hát lên vài câu hát quen thuộc nhưng lại không biết ai là cha đẻ ra chúng. Còn các tác phẩm âm nhạc từ trước đến nay đối với người yêu nhạc một cách rời rạc, không hệ thống. Nhạc của nhạc sĩ nào được số đông chấp nhận thì được in ra ào ạt thậm chí thừa mứa, còn những nhạc sĩ khác thì im hơi, vắng bóng.\r\n\r\nThiết nghĩ, nhạc sĩ nào cũng đáng quý, đáng trân trọng. Vì cả cuộc đời họ chỉ biết âm thầm như những chú tằm rút ruột mình ra để dệt nên những chuỗi âm thanh tuyệt đẹp cho mọi người, mang đến cho cuộc đời những giai điệu thật êm đềm, nhưng đôi khi cuộc đời của nhạc sĩ lại đầy sóng gió, gian nan, thậm chí còn nghèo hơn mọi người tưởng tượng.\r\n\r\nBộ sách \"Âm nhạc Việt Nam xưa và nay\" được biên soạn như một lời tri ân đối với các nhạc sĩ Việt. Cuộc sống sẽ bớt nhọc nhằn và cuộc đời sẽ đẹp hơn, thi vị hơn khi có được nguồn âm nhạc bất tận của các anh.\r\n\r\nMục lục:\r\n\r\nHát cho tình yêu - Hát cho cuộc đời\r\nNụ hồng\r\nMàu hoa tím\r\nCỏ non xanh\r\nMưa chiều\r\nChia xa\r\nTrăng chiều\r\nKhắc khoải\r\nBiển đời\r\nTự khúc\r\nNiềm riêng\r\nPhù du\r\nTình buồn\r\nTình lặng\r\nGiọt buồn không tên\r\nAnh xa em\r\nChỉ riêng em biết\r\nLối cũ\r\nThầm lặng một vầng trăng\r\nThời thiếu nữ\r\nĐời còn có anh\r\nTình mẹ.\r\n...', 'product\\Sách Tiếng Việt\\Kiến Trúc - Hội Họa - Điện Ảnh\\Nghệ Thuật\\12676683354b8f156f3d281.jpg', '2008-04-05', 15, 38),
(20002202, 'Nghệ Thuật Trang Trí Cắt Tỉa Rau Củ Quả', '98000.00', 20002, 'Mời bạn đón đọc!', 'product\\Sách Tiếng Việt\\Kiến Trúc - Hội Họa - Điện Ảnh\\Nghệ Thuật\\c112930798634d12d537a0bb2.jpg', '2008-04-05', 24, 59),
(20002203, 'The Story Of Art - Câu Chuyện Nghệ Thuật', '999000.00', 20002, 'Nếu bạn chỉ có một cuốn sách về nghệ thuật, thì đây là cuốn bạn nên có\r\n\r\nThe Story Of Art - Câu Chuyện Nghệ Thuật được in lần đầu năm 1950 và trong 70 năm qua, tác phẩm được dịch ra gần 30 thứ tiếng và hơn 8 triệu bản đã được bán ra trên toàn thế giới. Điều đó khiến tác phẩm trở thành cuốn sách nghệ thuật bán chạy nhất mọi thời đại.\r\n\r\nThe Story Of Art - Câu Chuyện Nghệ Thuật là một công trình nghiên cứu kinh điển về nghệ thuật và lịch sử nghệ thuật phương Tây, được tác giả khảo sát và đánh giá trong các lĩnh vực khác nhau như hội họa, điêu khắc, kiến trúc…song hành với những chuyển biến và giao thoa của các nền văn hóa, chính trị, và tôn giáo.\r\n\r\nVới cái nhìn chân thực từ góc độ phê bình nghệ thuật và cách viết mạch lạc, tác giả đã tạo nên một cuốn sách phù hợp cho mọi độc giả yêu thích tìm hiểu về nghệ thuật ở nhiều lứa tuổi khác nhau, với nền tảng kiến thức đa dạng.\r\n\r\nSƠ LƯỢC NỘI DUNG CỦA CÂU CHUYỆN NGHỆ THUẬT\r\n\r\nThay vì tập hợp các tác phẩm theo cách đơn thuần, cuốn sách đặt chúng vào góc nhìn lịch sử, qua đó giúp độc giả hiểu được ý đồ nghệ thuật mà các nghệ sĩ muốn nhắm đến.\r\n\r\nCuốn sách được chia thành 3 phần: Lời giới thiệu, 27 chương (mỗi chương đề cập đến một khoảng thời gian xác định của lịch sử nghệ thuật trong một hoặc một số bối cảnh văn hóa / địa lý) và một chương kết luận cuối cùng để tóm tắt và cập nhật những phát triển mới nhất của nghệ thuật thị giác.\r\n\r\nChương đầu tiên bắt đầu với những xem xét về sự khởi đầu nghệ thuật, với những nét vẽ và sản phẩm đầu tiên thời tiền sử và các nền văn hóa bản địa.\r\n\r\nBốn chương tiếp theo dành riêng để nói về nghệ thuật ở các nền văn hóa cổ đại lớn hơn, đặc biệt là Hy Lạp và La Mã\r\n\r\nChương 6, 7 dùng để nói về những ngã rẽ của nghệ thuật và điểm khác biệt trong sự tiếp thu nghệ thuật cổ đại ở các nơi trên thế giới: Trung Quốc, Ấn Độ…\r\n\r\nBắt đầu với chương 8 cho đến hết chương 23, Gombrich tập trung vào nghệ thuật Trung Âu với những câu chuyện và chuyển biến lịch sử trong từng giai đoạn, sự ảnh hưởng của chúng tới quan niệm và thói quen sáng tác của các nghệ sĩ. Từ đó, định hình nên các trường phái nghệ thuật khác nhau và sản sinh ra các nghệ sĩ tiêu biểu đi đầu trong từng phong cách.\r\n\r\nTừ chương 24, tác giả quay trở lại một cái nhìn toàn cầu hơn, đề cập đến những chuyển biến nghệ thuật cuối thế kỷ 18 và đầu thế kỷ 19 ở Anh, Pháp và Mỹ.\r\n\r\nCÂU CHUYỆN NGHỆ THUẬT CÓ GÌ ĐẶC BIỆT?\r\n\r\nĐây là cuốn sách nổi tiếng và phổ biến nhất về nghệ thuật từng được viết, được dịch ra gần 30 thứ tiếng và bán ra hơn 8 triệu bản trên toàn thế giới. Trở thành cuốn sách nghệ thuật bán chạy nhất thế giới trong hơn bốn thập kỷ.\r\n\r\nKhối lượng hình minh họa đồ sộ, với hơn 50% số trang của cuốn sách dành cho các bức tranh, bản vẽ, kiến ​​trúc và tác phẩm điêu khắc. Mỗi hình ảnh minh họa đều được in màu rõ nét, các tác phẩm đặc trưng cho giai đoạn sẽ được chọn, sao cho nó có thể nói lên số phận chung và thế giới của người nghệ sĩ trong thời kỳ đó, tạo nên một chuỗi ngắn hình ảnh độc lập minh họa cho sự thay đổi trong vị trí xã hội của nghệ sĩ lẫn công chúng.\r\n\r\nTác phẩm nhập môn nghệ thuật thị giác cho vô số thế hệ độc giả. Với cách viết đơn giản và rõ ràng, độc giả ở mọi lứa tuổi và hoàn cảnh đều nhận thấy ở Giáo sư Gombrich một bậc thầy thực sự, và một người kết hợp kiến ​​thức và trí tuệ với một món quà độc đáo để truyền đạt tình yêu sâu sắc của ông về chủ đề này\r\n\r\nTHÔNG TIN VỀ PHIÊN BẢN TIẾNG VIỆT CỦA CUỐN SÁCH\r\n\r\nĐược xuất bản dựa trên ấn bản mới nhất - lần thứ 16 của PHAI DON, với cách dàn trang tương đương với bản gốc tiếng Anh để đảm bảo được việc tương ứng giữa nội dung và hình ảnh minh họa\r\n\r\nIn màu toàn bộ, cùng với hơn 400 hình ảnh minh họa sắc nét các tác phẩm nghệ thuật nổi tiếng, giúp người yêu nghệ thuật thưởng lãm các tác phẩm được đã mắt nhất', 'product\\Sách Tiếng Việt\\Kiến Trúc - Hội Họa - Điện Ảnh\\Nghệ Thuật\\cau-chuyen-nghe-thuat.jpg', '2014-04-03', 17, 63),
(20002204, 'Tuyển Tập Những Ca Khúc Trữ Tình - Tango Dĩ Vãng', '38000.00', 20002, 'Xin trân trọng giới thiệu!', 'product\\Sách Tiếng Việt\\Kiến Trúc - Hội Họa - Điện Ảnh\\Nghệ Thuật\\tango.jpg', '2006-04-11', 24, 38),
(20002205, 'Tranh Dân Gian Việt Nam: Sưu Tầm Và Nghiên Cứu (Tái bản năm 2021)', '888000.00', 20002, 'Tranh dân gian Việt Nam được làm và bán lẻ vào mỗi dịp Tết, các dịp lễ trọng đại hoặc dành cho nghi thức tôn giáo hay đơn giản chỉ là thú tiêu khiển trong gia đình. Là loại tranh thủ công, tranh dân gian vừa phụ thuộc vào các mẫu tranh thịnh hành nhưng đồng thời cũng để lại dấu ấn sâu sắc do tính độc đáo của những nghệ nhân sáng tạo ra chúng. Maurice Durand đã sưu tầm và giới thiệu bộ tranh dân gian với nhiều kiểu tranh đa dạng và các chủ đề về cuộc sống thường nhật, tín ngưỡng, văn học và lịch sử.\r\n\r\n“Công trình Tranh dân gian Việt Nam được in màu, chỉnh sửa, bổ sung và tái bản lần này có nguyện vọng cung cấp cho độc giả một cuốn sách hấp dẫn, tiện dụng trong việc tra cứu với khuôn khổ hoành tráng và được bố cục lại theo trình tự hợp lý. Công trình này đã được biên soạn nghiêm túc, tái bản trọn vẹn, hoàn toàn xứng đáng với tầm cỡ của tác phẩm là giá trị độc đáo của tranh vẽ và tính chất uyên bác trong các phân tích, bình chú của Maurice Durand. Đó cũng chính là dụng ý và sự lựa chọn của chúng tôi thể hiện qua việc biên soạn và tái bản công trình này”. -- Marcus Durand - GS. Philippe Papin (Viện Khảo cứu Cao cấp Pháp)\r\n\r\nThông tin tác giả\r\n\r\nMaurice Durand (1914-1966)\r\n\r\nSinh năm 1914 ở Hà Nội, Maurice Durand là con trai của một nhà Hán học người Pháp và mẹ ông là người Việt quê gốc ở Kiến An. Ông là một trong những nhà nghiên cứu song ngữ hiếm hoi của Viện Viễn Đông Bác cổ sở hữu hai nguồn văn hóa Pháp, Việt và có mối liên hệ mật thiết với chữ Hán.\r\n\r\nMaurice Durand vừa là nhà sử học, ngữ văn học, nhà phê bình văn học và nhà phân tích mỹ thuật. Ông đã để lại nhiều công trình nghiên cứu tầm cỡ như Điện thần và phương thức hầu đồng ở Việt Nam, Nhập môn văn học Việt Nam, Tri thức về Việt Nam, Lịch sử thời Tây Sơn, Truyện Nôm Việt Nam... và nhiều công trình dịch, hàng trăm bài viết và một số lượng bản thảo đồ sộ chưa từng được xuất bản.\r\n\r\nĐể tri ân Maurice Durand, chúng tôi đã gìn giữ những hình ảnh dân gian mỏng manh ngày xưa thường được bán lẻ ở cửa hàng hoặc bán dạo trên phố vào các dịp Lễ, Tết. Tranh dân gian hiếm khi được làm ra với mục đích sử dụng lâu dài nên hiện giờ chúng chỉ còn được lưu lại trong bộ sưu tập độc nhất vô nhị này. Đây là một bộ tranh ấn tượng nhờ sự phong phú và đa dạng về chủ đề, màu sắc và dữ liệu. Tuy nhiên, nhà sử học lớn về Việt Nam, Maurice Durand, không chỉ hài lòng với việc sưu tập chúng mà còn dịch sang Pháp ngữ và nghiên cứu một cách tỉ mỉ công phu. Trong công trình này, tác giả chỉ ra bí quyết để hiểu và giải các mật ngữ ẩn chứa trong tranh dân gian truyền thống vốn chỉ dành cho tầng lớp bình dân nhưng chúng cũng được nuôi dưỡng, gợi hứng không ít từ nguồn tri thức bác học.\r\n\r\nẤn bản Việt ngữ này ngoài lợi ích khoa học còn là lời tri ân dành cho tác giả Maurice Durand, nhà ngữ văn, nhà bác học, người đã công bố nhiều công trình tầm cỡ và là người bạn chí thiết của dân tộc và văn hóa Việt Nam.\r\n\r\nTranh dân gian Việt Nam được làm và bán lẻ vào mỗi dịp Tết, các dịp lễ trọng đại hoặc dành cho nghi thức tôn giáo hay đơn giản chỉ là thú tiêu khiển trong gia đình. Là loại tranh thủ công, tranh dân gian vừa phụ thuộc vào các mẫu tranh thịnh hành nhưng đồng thời cũng để lại dấu ấn sâu sắc do tính độc đáo của những nghệ nhân sáng tạo ra chúng. Maurice Durand đã sưu tầm và giới thiệu bộ tranh dân gian với nhiều kiểu tranh đa dạng và các chủ đề về cuộc sống thường nhật, tín ngưỡng, văn học và lịch sử.', 'product\\Sách Tiếng Việt\\Kiến Trúc - Hội Họa - Điện Ảnh\\Nghệ Thuật\\tranh-dan-gian-viet-nam-suu-tam-nghien-cuu-tb-2021.jpg', '2011-04-16', 25, 38);

-- --------------------------------------------------------

--
-- Table structure for table `tacgia`
--

CREATE TABLE `tacgia` (
  `IdTacGia` int(5) NOT NULL,
  `TenTacGia` varchar(255) COLLATE utf8_unicode_ci NOT NULL
) ENGINE=InnoDB DEFAULT CHARSET=utf8 COLLATE=utf8_unicode_ci;

--
-- Dumping data for table `tacgia`
--

INSERT INTO `tacgia` (`IdTacGia`, `TenTacGia`) VALUES
(1, 'H. G. Wells'),
(2, 'Hans Rosling'),
(3, 'B A Paris'),
(4, 'Daphne Du Maurier'),
(5, 'Tracy Chevalier'),
(6, 'Jane Harper'),
(7, 'Jane Shemilt'),
(8, 'Anthony Horowitz'),
(9, 'Caroline Corcoran'),
(10, 'Jane Austen'),
(11, 'Louise Jensen'),
(12, 'Douglas Stuart'),
(13, 'Frederick Douglass'),
(14, 'Julia Quinn'),
(15, 'Alex Lake'),
(16, 'Henry James'),
(17, 'John Boyne'),
(18, 'Kaiu Shirai'),
(19, 'Anna James'),
(20, 'Colin Towell'),
(21, 'Paul Parsons'),
(22, 'Aggie Lal'),
(23, 'Lonely Planet'),
(24, 'Phạm Quang Huy'),
(25, 'Phạm Quang hiển'),
(26, 'Lê Hoàng Minh'),
(27, 'Lê Nguyễn Hồng Phông'),
(28, 'Phạm Phương Hoa'),
(29, 'Phạm Quang Tuấn'),
(30, 'Vũ Công Tuấn Tài'),
(31, 'Nguyễn Tất Bảo Thiện'),
(32, 'Nguyễn Thành Thái'),
(33, 'Phạm Quang Huấn'),
(34, 'Trần Tường Thụy'),
(35, 'Nguyễn Văn Sự'),
(36, 'Phan Huy Khải'),
(37, 'Nguyễn Thị Lanh'),
(38, 'Nhiều Tác Giả'),
(39, 'Nguyễn Xuân Nam'),
(40, 'Nguyễn Đức Tuấn'),
(41, 'Nguyễn Thu Hà'),
(42, 'Trần Thị Yến'),
(43, 'Lê Thị Thu Hiền'),
(44, 'BS.Nguyễn Anh Tú'),
(45, 'Susan Hyatt'),
(46, 'Jane Mclelland'),
(47, 'BS.Lê Minh'),
(48, 'Hasumi Kanon'),
(49, 'Kristin Loberg'),
(50, 'Nina Shapiro'),
(51, 'Jennifer Ashton'),
(52, 'Sarah Brewer'),
(53, 'Vương Thừa Ân'),
(54, 'JJ Smith'),
(55, 'Song Minh'),
(56, 'Phạm Thùy Nhân'),
(57, 'Bùi Dũng'),
(58, 'Trần Luân Kim'),
(59, 'Nguyễn Thu Hương'),
(60, 'Camelia Pham'),
(61, 'Stewart Cowley'),
(62, 'Fujiko F Fujio'),
(63, 'Ernst Hans Josef Gombrich');

-- --------------------------------------------------------

--
-- Table structure for table `taikhoan`
--

CREATE TABLE `taikhoan` (
  `USERNAME` varchar(20) COLLATE utf8_unicode_ci NOT NULL,
  `PASSWORD` varchar(255) COLLATE utf8_unicode_ci NOT NULL,
  `TEN` varchar(50) COLLATE utf8_unicode_ci NOT NULL,
  `ID` char(8) COLLATE utf8_unicode_ci NOT NULL,
  `CHUCVU` char(50) COLLATE utf8_unicode_ci NOT NULL
) ENGINE=InnoDB DEFAULT CHARSET=utf8 COLLATE=utf8_unicode_ci;

-- --------------------------------------------------------

--
-- Table structure for table `theloai`
--

CREATE TABLE `theloai` (
  `IdTheLoai` int(5) NOT NULL,
  `TenTheLoai` varchar(255) COLLATE utf8_unicode_ci NOT NULL,
  `IdMenu` int(5) NOT NULL
) ENGINE=InnoDB DEFAULT CHARSET=utf8 COLLATE=utf8_unicode_ci;

--
-- Dumping data for table `theloai`
--

INSERT INTO `theloai` (`IdTheLoai`, `TenTheLoai`, `IdMenu`) VALUES
(10001, 'Fiction', 1011),
(10002, 'Teen', 1012),
(10003, 'Travel', 1013),
(20001, 'Chuyên Ngành', 2011),
(20002, 'Kiến Trúc - Hội Họa - Điện Ảnh', 2012),
(20003, 'Kinh Tế - Kinh Doanh', 2013),
(20004, 'Kỹ Năng - Sống Đẹp', 2014),
(20005, 'Tâm Linh - Tôn Giáo', 2015),
(20006, 'Tâm Lý - Giáo Dục', 2016),
(20007, 'Teen', 2017),
(20008, 'Thiếu Nhi', 2018),
(20009, 'Truyện Tranh - Manga', 2019),
(20010, 'Văn Hóa - Du Lịch', 2020),
(20011, 'Văn Học', 2021);

--
-- Indexes for dumped tables
--

--
-- Indexes for table `cthoadon`
--
ALTER TABLE `cthoadon`
  ADD KEY `IdHoaDON` (`IdHoaDON`),
  ADD KEY `IdCTKM` (`IdCTKM`),
  ADD KEY `IdSach` (`IdSach`);

--
-- Indexes for table `ctkm`
--
ALTER TABLE `ctkm`
  ADD KEY `IdCTKM` (`IdCTKM`),
  ADD KEY `IdSach` (`IdSach`);

--
-- Indexes for table `hoadon`
--
ALTER TABLE `hoadon`
  ADD PRIMARY KEY (`IdHoaDon`),
  ADD KEY `IdKH` (`IdKH`);

--
-- Indexes for table `khachhang`
--
ALTER TABLE `khachhang`
  ADD PRIMARY KEY (`IdKH`);

--
-- Indexes for table `kho`
--
ALTER TABLE `kho`
  ADD KEY `IdSach` (`IdSach`);

--
-- Indexes for table `khuyenmai`
--
ALTER TABLE `khuyenmai`
  ADD PRIMARY KEY (`IdCTKM`);

--
-- Indexes for table `menu`
--
ALTER TABLE `menu`
  ADD PRIMARY KEY (`IdMenu`);

--
-- Indexes for table `nxb`
--
ALTER TABLE `nxb`
  ADD PRIMARY KEY (`IdNXB`);

--
-- Indexes for table `sach`
--
ALTER TABLE `sach`
  ADD PRIMARY KEY (`IdSach`),
  ADD KEY `IdTheLoai` (`IdTheLoai`),
  ADD KEY `IdNXB` (`IdNXB`),
  ADD KEY `IdTacGia` (`IdTacGia`);

--
-- Indexes for table `tacgia`
--
ALTER TABLE `tacgia`
  ADD PRIMARY KEY (`IdTacGia`);

--
-- Indexes for table `taikhoan`
--
ALTER TABLE `taikhoan`
  ADD PRIMARY KEY (`USERNAME`);

--
-- Indexes for table `theloai`
--
ALTER TABLE `theloai`
  ADD PRIMARY KEY (`IdTheLoai`),
  ADD KEY `IdMenu` (`IdMenu`);

--
-- AUTO_INCREMENT for dumped tables
--

--
-- AUTO_INCREMENT for table `hoadon`
--
ALTER TABLE `hoadon`
  MODIFY `IdHoaDon` int(11) NOT NULL AUTO_INCREMENT;

--
-- AUTO_INCREMENT for table `khachhang`
--
ALTER TABLE `khachhang`
  MODIFY `IdKH` int(11) NOT NULL AUTO_INCREMENT;

--
-- AUTO_INCREMENT for table `khuyenmai`
--
ALTER TABLE `khuyenmai`
  MODIFY `IdCTKM` int(11) NOT NULL AUTO_INCREMENT;

--
-- AUTO_INCREMENT for table `menu`
--
ALTER TABLE `menu`
  MODIFY `IdMenu` int(5) NOT NULL AUTO_INCREMENT, AUTO_INCREMENT=2022;

--
-- AUTO_INCREMENT for table `nxb`
--
ALTER TABLE `nxb`
  MODIFY `IdNXB` int(5) NOT NULL AUTO_INCREMENT, AUTO_INCREMENT=40;

--
-- AUTO_INCREMENT for table `sach`
--
ALTER TABLE `sach`
  MODIFY `IdSach` int(11) NOT NULL AUTO_INCREMENT, AUTO_INCREMENT=20002206;

--
-- AUTO_INCREMENT for table `tacgia`
--
ALTER TABLE `tacgia`
  MODIFY `IdTacGia` int(5) NOT NULL AUTO_INCREMENT, AUTO_INCREMENT=64;

--
-- AUTO_INCREMENT for table `theloai`
--
ALTER TABLE `theloai`
  MODIFY `IdTheLoai` int(5) NOT NULL AUTO_INCREMENT, AUTO_INCREMENT=20012;

--
-- Constraints for dumped tables
--

--
-- Constraints for table `cthoadon`
--
ALTER TABLE `cthoadon`
  ADD CONSTRAINT `cthoadon_ibfk_1` FOREIGN KEY (`IdSach`) REFERENCES `sach` (`IdSach`) ON DELETE CASCADE ON UPDATE CASCADE,
  ADD CONSTRAINT `cthoadon_ibfk_2` FOREIGN KEY (`IdHoaDON`) REFERENCES `hoadon` (`IdHoaDon`) ON DELETE CASCADE ON UPDATE CASCADE,
  ADD CONSTRAINT `cthoadon_ibfk_3` FOREIGN KEY (`IdCTKM`) REFERENCES `khuyenmai` (`IdCTKM`) ON DELETE CASCADE ON UPDATE CASCADE;

--
-- Constraints for table `ctkm`
--
ALTER TABLE `ctkm`
  ADD CONSTRAINT `ctkm_ibfk_1` FOREIGN KEY (`IdSach`) REFERENCES `sach` (`IdSach`) ON DELETE CASCADE ON UPDATE CASCADE,
  ADD CONSTRAINT `ctkm_ibfk_2` FOREIGN KEY (`IdCTKM`) REFERENCES `khuyenmai` (`IdCTKM`) ON DELETE CASCADE ON UPDATE CASCADE;

--
-- Constraints for table `hoadon`
--
ALTER TABLE `hoadon`
  ADD CONSTRAINT `hoadon_ibfk_1` FOREIGN KEY (`IdKH`) REFERENCES `khachhang` (`IdKH`) ON DELETE CASCADE ON UPDATE CASCADE;

--
-- Constraints for table `kho`
--
ALTER TABLE `kho`
  ADD CONSTRAINT `kho_ibfk_1` FOREIGN KEY (`IdSach`) REFERENCES `sach` (`IdSach`) ON DELETE CASCADE ON UPDATE CASCADE;

--
-- Constraints for table `sach`
--
ALTER TABLE `sach`
  ADD CONSTRAINT `sach_ibfk_1` FOREIGN KEY (`IdTheLoai`) REFERENCES `theloai` (`IdTheLoai`) ON DELETE CASCADE ON UPDATE CASCADE,
  ADD CONSTRAINT `sach_ibfk_2` FOREIGN KEY (`IdNXB`) REFERENCES `nxb` (`IdNXB`) ON DELETE CASCADE ON UPDATE CASCADE,
  ADD CONSTRAINT `sach_ibfk_3` FOREIGN KEY (`IdTacGia`) REFERENCES `tacgia` (`IdTacGia`) ON DELETE CASCADE ON UPDATE CASCADE;

--
-- Constraints for table `theloai`
--
ALTER TABLE `theloai`
  ADD CONSTRAINT `theloai_ibfk_1` FOREIGN KEY (`IdMenu`) REFERENCES `menu` (`IdMenu`) ON DELETE CASCADE ON UPDATE CASCADE;
COMMIT;

/*!40101 SET CHARACTER_SET_CLIENT=@OLD_CHARACTER_SET_CLIENT */;
/*!40101 SET CHARACTER_SET_RESULTS=@OLD_CHARACTER_SET_RESULTS */;
/*!40101 SET COLLATION_CONNECTION=@OLD_COLLATION_CONNECTION */;
